,origin_puma,dest_puma,od_counts,color
0,06_101,06_101,17413,yellow
1,06_101,06_102,4828,green
2,06_101,06_103,3755,green
3,06_101,06_104,149,green
4,06_101,06_105,421,green
5,06_101,06_106,226,green
6,06_101,06_107,221,green
7,06_101,06_108,212,green
8,06_101,06_109,132,green
9,06_101,06_110,168,green
10,06_101,06_1301,9571,lime
11,06_101,06_1302,7463,lime
12,06_101,06_1303,4501,green
13,06_101,06_1304,4666,green
14,06_101,06_1305,572,green
15,06_101,06_1306,4322,green
16,06_101,06_1307,559,green
17,06_101,06_1308,410,green
18,06_101,06_1309,129,green
19,06_101,06_4101,378,green
20,06_101,06_4102,479,green
21,06_101,06_7501,93,green
22,06_101,06_7502,42,green
23,06_101,06_7504,7,green
24,06_101,06_7505,33,green
25,06_101,06_7506,19,green
26,06_101,06_8101,56,green
27,06_101,06_8102,58,green
28,06_101,06_8103,144,green
29,06_101,06_8104,167,green
30,06_101,06_8105,110,green
31,06_101,06_8106,68,green
32,06_101,06_8501,74,green
33,06_101,06_8502,59,green
34,06_101,06_8503,17,green
35,06_101,06_8504,62,green
36,06_101,06_8506,8,green
37,06_101,06_8509,4,green
38,06_102,06_101,98575,red
39,06_102,06_102,68609,red
40,06_102,06_103,32461,orange
41,06_102,06_104,2354,green
42,06_102,06_105,5479,lime
43,06_102,06_106,1888,green
44,06_102,06_107,688,green
45,06_102,06_108,107,green
46,06_102,06_109,124,green
47,06_102,06_110,383,green
48,06_102,06_1301,52048,red
49,06_102,06_1302,47142,orange
50,06_102,06_1303,48796,orange
51,06_102,06_1304,41485,orange
52,06_102,06_1305,2042,green
53,06_102,06_1306,57294,red
54,06_102,06_1307,13905,yellow
55,06_102,06_1308,1178,green
56,06_102,06_1309,404,green
57,06_102,06_4101,50,green
58,06_102,06_4102,312,green
59,06_102,06_7501,319,green
60,06_102,06_7502,1566,green
61,06_102,06_7503,4075,green
62,06_102,06_7504,2962,green
63,06_102,06_7506,276,green
64,06_102,06_7507,1894,green
65,06_102,06_8101,17,green
66,06_102,06_8102,30,green
67,06_102,06_8103,67,green
68,06_102,06_8104,127,green
69,06_102,06_8105,92,green
70,06_102,06_8106,206,green
71,06_102,06_8501,205,green
72,06_102,06_8502,153,green
73,06_102,06_8503,102,green
74,06_102,06_8504,113,green
75,06_102,06_8505,11,green
76,06_102,06_8506,21,green
77,06_102,06_8507,70,green
78,06_102,06_8508,11,green
79,06_102,06_8509,18,green
80,06_102,06_8514,6,green
81,06_102,06_8701,2,green
82,06_103,06_101,45049,orange
83,06_103,06_102,63028,red
84,06_103,06_103,32149,orange
85,06_103,06_104,7702,lime
86,06_103,06_105,10613,yellow
87,06_103,06_106,2770,green
88,06_103,06_107,984,green
89,06_103,06_108,416,green
90,06_103,06_109,276,green
91,06_103,06_110,865,green
92,06_103,06_1301,26134,orange
93,06_103,06_1302,21099,yellow
94,06_103,06_1303,31226,orange
95,06_103,06_1304,28191,orange
96,06_103,06_1305,1873,green
97,06_103,06_1306,36536,orange
98,06_103,06_1307,9210,lime
99,06_103,06_1308,676,green
100,06_103,06_1309,408,green
101,06_103,06_4101,7,green
102,06_103,06_4102,183,green
103,06_103,06_7501,1131,green
104,06_103,06_7502,4752,green
105,06_103,06_7503,5832,lime
106,06_103,06_7504,1224,green
107,06_103,06_7505,143,green
108,06_103,06_7506,415,green
109,06_103,06_7507,712,green
110,06_103,06_8101,247,green
111,06_103,06_8102,328,green
112,06_103,06_8103,308,green
113,06_103,06_8104,447,green
114,06_103,06_8105,277,green
115,06_103,06_8106,898,green
116,06_103,06_8501,1124,green
117,06_103,06_8502,160,green
118,06_103,06_8503,119,green
119,06_103,06_8504,227,green
120,06_103,06_8505,50,green
121,06_103,06_8506,39,green
122,06_103,06_8507,70,green
123,06_103,06_8508,36,green
124,06_103,06_8509,125,green
125,06_103,06_8510,51,green
126,06_103,06_8511,19,green
127,06_103,06_8513,15,green
128,06_103,06_8514,91,green
129,06_103,06_8701,15,green
130,06_104,06_101,62042,red
131,06_104,06_102,130703,darkred
132,06_104,06_103,62586,red
133,06_104,06_104,17358,yellow
134,06_104,06_105,22127,yellow
135,06_104,06_106,3883,green
136,06_104,06_107,1652,green
137,06_104,06_108,737,green
138,06_104,06_109,1278,green
139,06_104,06_110,1038,green
140,06_104,06_1301,20569,yellow
141,06_104,06_1302,17815,yellow
142,06_104,06_1303,35529,orange
143,06_104,06_1304,39206,orange
144,06_104,06_1305,2611,green
145,06_104,06_1306,47268,orange
146,06_104,06_1307,6716,lime
147,06_104,06_1308,287,green
148,06_104,06_1309,211,green
149,06_104,06_4101,6,green
150,06_104,06_4102,168,green
151,06_104,06_7501,1753,green
152,06_104,06_7502,6168,lime
153,06_104,06_7503,7333,lime
154,06_104,06_7504,1924,green
155,06_104,06_7505,78,green
156,06_104,06_7506,1586,green
157,06_104,06_7507,2830,green
158,06_104,06_8101,2958,green
159,06_104,06_8102,2164,green
160,06_104,06_8103,667,green
161,06_104,06_8104,265,green
162,06_104,06_8105,85,green
163,06_104,06_8106,713,green
164,06_104,06_8501,1041,green
165,06_104,06_8502,138,green
166,06_104,06_8503,116,green
167,06_104,06_8504,148,green
168,06_104,06_8505,17,green
169,06_104,06_8506,57,green
170,06_104,06_8507,105,green
171,06_104,06_8508,54,green
172,06_104,06_8509,114,green
173,06_104,06_8510,52,green
174,06_104,06_8511,14,green
175,06_104,06_8512,1,green
176,06_104,06_8513,14,green
177,06_104,06_8514,65,green
178,06_104,06_8701,3,green
179,06_105,06_101,45521,orange
180,06_105,06_102,74993,red
181,06_105,06_103,36646,orange
182,06_105,06_104,11478,yellow
183,06_105,06_105,12881,yellow
184,06_105,06_106,2391,green
185,06_105,06_107,1331,green
186,06_105,06_108,688,green
187,06_105,06_109,961,green
188,06_105,06_110,979,green
189,06_105,06_1301,10969,yellow
190,06_105,06_1302,11283,yellow
191,06_105,06_1303,23734,yellow
192,06_105,06_1304,26225,orange
193,06_105,06_1305,2275,green
194,06_105,06_1306,32222,orange
195,06_105,06_1307,4213,green
196,06_105,06_1308,243,green
197,06_105,06_1309,200,green
198,06_105,06_4101,146,green
199,06_105,06_4102,266,green
200,06_105,06_7501,771,green
201,06_105,06_7502,3459,green
202,06_105,06_7503,6393,lime
203,06_105,06_7504,3537,green
204,06_105,06_7505,1119,green
205,06_105,06_7506,7979,lime
206,06_105,06_7507,16052,yellow
207,06_105,06_8101,17352,yellow
208,06_105,06_8102,23032,yellow
209,06_105,06_8103,4806,green
210,06_105,06_8104,2401,green
211,06_105,06_8105,430,green
212,06_105,06_8106,221,green
213,06_105,06_8501,159,green
214,06_105,06_8502,202,green
215,06_105,06_8503,194,green
216,06_105,06_8504,134,green
217,06_105,06_8505,29,green
218,06_105,06_8506,36,green
219,06_105,06_8507,136,green
220,06_105,06_8508,66,green
221,06_105,06_8509,82,green
222,06_105,06_8510,34,green
223,06_105,06_8511,15,green
224,06_105,06_8512,1,green
225,06_105,06_8513,20,green
226,06_105,06_8514,37,green
227,06_105,06_8701,4,green
228,06_106,06_101,3802,green
229,06_106,06_102,12116,yellow
230,06_106,06_103,7507,lime
231,06_106,06_104,7155,lime
232,06_106,06_105,9627,lime
233,06_106,06_106,5257,lime
234,06_106,06_107,3863,green
235,06_106,06_108,1785,green
236,06_106,06_109,560,green
237,06_106,06_110,1265,green
238,06_106,06_1301,1302,green
239,06_106,06_1302,1181,green
240,06_106,06_1303,1418,green
241,06_106,06_1304,3638,green
242,06_106,06_1305,1634,green
243,06_106,06_1306,3289,green
244,06_106,06_1307,323,green
245,06_106,06_1308,320,green
246,06_106,06_1309,384,green
247,06_106,06_4101,36,green
248,06_106,06_4102,103,green
249,06_106,06_7501,940,green
250,06_106,06_7502,1614,green
251,06_106,06_7503,4524,green
252,06_106,06_7504,4194,green
253,06_106,06_7505,2204,green
254,06_106,06_7506,13010,yellow
255,06_106,06_7507,24300,yellow
256,06_106,06_8101,36268,orange
257,06_106,06_8102,57070,red
258,06_106,06_8103,23455,yellow
259,06_106,06_8104,10434,yellow
260,06_106,06_8105,2995,green
261,06_106,06_8106,1710,green
262,06_106,06_8501,505,green
263,06_106,06_8502,160,green
264,06_106,06_8503,171,green
265,06_106,06_8504,194,green
266,06_106,06_8505,42,green
267,06_106,06_8506,44,green
268,06_106,06_8507,159,green
269,06_106,06_8508,112,green
270,06_106,06_8509,118,green
271,06_106,06_8510,85,green
272,06_106,06_8511,78,green
273,06_106,06_8512,45,green
274,06_106,06_8513,47,green
275,06_106,06_8514,58,green
276,06_106,06_8701,71,green
277,06_107,06_101,147,green
278,06_107,06_102,760,green
279,06_107,06_103,1444,green
280,06_107,06_104,5526,lime
281,06_107,06_105,22995,yellow
282,06_107,06_106,27269,orange
283,06_107,06_107,16743,yellow
284,06_107,06_108,10213,yellow
285,06_107,06_109,6030,lime
286,06_107,06_110,3988,green
287,06_107,06_1301,95,green
288,06_107,06_1302,44,green
289,06_107,06_1303,70,green
290,06_107,06_1304,194,green
291,06_107,06_1305,1556,green
292,06_107,06_1306,67,green
293,06_107,06_1307,4,green
294,06_107,06_1308,47,green
295,06_107,06_1309,47,green
296,06_107,06_4101,59,green
297,06_107,06_4102,111,green
298,06_107,06_7501,671,green
299,06_107,06_7502,1021,green
300,06_107,06_7503,4427,green
301,06_107,06_7504,4563,green
302,06_107,06_7505,2721,green
303,06_107,06_7506,16203,yellow
304,06_107,06_7507,28531,orange
305,06_107,06_8101,43458,orange
306,06_107,06_8102,66823,red
307,06_107,06_8103,40615,orange
308,06_107,06_8104,18267,yellow
309,06_107,06_8105,14825,yellow
310,06_107,06_8106,12629,yellow
311,06_107,06_8501,4102,green
312,06_107,06_8502,747,green
313,06_107,06_8503,147,green
314,06_107,06_8504,522,green
315,06_107,06_8505,41,green
316,06_107,06_8506,146,green
317,06_107,06_8507,189,green
318,06_107,06_8508,72,green
319,06_107,06_8509,70,green
320,06_107,06_8510,84,green
321,06_107,06_8511,102,green
322,06_107,06_8512,62,green
323,06_107,06_8513,50,green
324,06_107,06_8514,32,green
325,06_107,06_8701,143,green
326,06_108,06_101,218,green
327,06_108,06_102,1558,green
328,06_108,06_103,2384,green
329,06_108,06_104,5309,lime
330,06_108,06_105,24309,yellow
331,06_108,06_106,48285,orange
332,06_108,06_107,52164,red
333,06_108,06_108,29544,orange
334,06_108,06_109,16877,yellow
335,06_108,06_110,9311,lime
336,06_108,06_1301,74,green
337,06_108,06_1302,21,green
338,06_108,06_1303,8,green
339,06_108,06_1304,165,green
340,06_108,06_1305,3655,green
341,06_108,06_1306,58,green
342,06_108,06_1307,2,green
343,06_108,06_1308,39,green
344,06_108,06_1309,39,green
345,06_108,06_4101,48,green
346,06_108,06_4102,83,green
347,06_108,06_7501,147,green
348,06_108,06_7502,549,green
349,06_108,06_7503,2538,green
350,06_108,06_7504,3013,green
351,06_108,06_7505,894,green
352,06_108,06_7506,5649,lime
353,06_108,06_7507,12550,yellow
354,06_108,06_8101,20662,yellow
355,06_108,06_8102,33860,orange
356,06_108,06_8103,31473,orange
357,06_108,06_8104,28329,orange
358,06_108,06_8105,27298,orange
359,06_108,06_8106,28361,orange
360,06_108,06_8501,12666,yellow
361,06_108,06_8502,3698,green
362,06_108,06_8503,586,green
363,06_108,06_8504,2658,green
364,06_108,06_8505,65,green
365,06_108,06_8506,362,green
366,06_108,06_8507,215,green
367,06_108,06_8508,60,green
368,06_108,06_8509,285,green
369,06_108,06_8510,167,green
370,06_108,06_8511,216,green
371,06_108,06_8512,94,green
372,06_108,06_8513,194,green
373,06_108,06_8514,72,green
374,06_108,06_8701,145,green
375,06_109,06_101,17,green
376,06_109,06_102,1177,green
377,06_109,06_103,1515,green
378,06_109,06_104,3177,green
379,06_109,06_105,13376,yellow
380,06_109,06_106,37000,orange
381,06_109,06_107,51867,red
382,06_109,06_108,35764,orange
383,06_109,06_109,19798,yellow
384,06_109,06_110,9924,lime
385,06_109,06_1301,59,green
386,06_109,06_1302,20,green
387,06_109,06_1303,9,green
388,06_109,06_1304,239,green
389,06_109,06_1305,3606,green
390,06_109,06_1306,5,green
391,06_109,06_1308,1,green
392,06_109,06_1309,1,green
393,06_109,06_4101,12,green
394,06_109,06_4102,34,green
395,06_109,06_7501,43,green
396,06_109,06_7502,237,green
397,06_109,06_7503,348,green
398,06_109,06_7504,536,green
399,06_109,06_7505,181,green
400,06_109,06_7506,859,green
401,06_109,06_7507,2736,green
402,06_109,06_8101,9105,lime
403,06_109,06_8102,16628,yellow
404,06_109,06_8103,25648,orange
405,06_109,06_8104,31466,orange
406,06_109,06_8105,39806,orange
407,06_109,06_8106,30841,orange
408,06_109,06_8501,10952,yellow
409,06_109,06_8502,2420,green
410,06_109,06_8503,519,green
411,06_109,06_8504,1991,green
412,06_109,06_8505,14,green
413,06_109,06_8506,287,green
414,06_109,06_8507,254,green
415,06_109,06_8508,141,green
416,06_109,06_8509,160,green
417,06_109,06_8510,48,green
418,06_109,06_8511,99,green
419,06_109,06_8512,29,green
420,06_109,06_8513,77,green
421,06_109,06_8514,25,green
422,06_109,06_8701,146,green
423,06_110,06_101,1394,green
424,06_110,06_102,8003,lime
425,06_110,06_103,6725,lime
426,06_110,06_104,7994,lime
427,06_110,06_105,13752,yellow
428,06_110,06_106,21601,yellow
429,06_110,06_107,36092,orange
430,06_110,06_108,29297,orange
431,06_110,06_109,12482,yellow
432,06_110,06_110,4528,green
433,06_110,06_1301,380,green
434,06_110,06_1302,439,green
435,06_110,06_1303,819,green
436,06_110,06_1304,2466,green
437,06_110,06_1305,2288,green
438,06_110,06_1306,1745,green
439,06_110,06_1307,256,green
440,06_110,06_1308,189,green
441,06_110,06_1309,181,green
442,06_110,06_4101,28,green
443,06_110,06_4102,98,green
444,06_110,06_7501,24,green
445,06_110,06_7502,153,green
446,06_110,06_7503,142,green
447,06_110,06_7504,27,green
448,06_110,06_7505,147,green
449,06_110,06_7506,861,green
450,06_110,06_7507,1287,green
451,06_110,06_8101,4713,green
452,06_110,06_8102,7183,lime
453,06_110,06_8103,19571,yellow
454,06_110,06_8104,26528,orange
455,06_110,06_8105,30806,orange
456,06_110,06_8106,21242,yellow
457,06_110,06_8501,6340,lime
458,06_110,06_8502,2781,green
459,06_110,06_8503,535,green
460,06_110,06_8504,2012,green
461,06_110,06_8505,44,green
462,06_110,06_8506,119,green
463,06_110,06_8507,271,green
464,06_110,06_8508,52,green
465,06_110,06_8509,263,green
466,06_110,06_8510,50,green
467,06_110,06_8511,145,green
468,06_110,06_8512,103,green
469,06_110,06_8513,59,green
470,06_110,06_8514,115,green
471,06_110,06_8701,84,green
472,06_1301,06_101,1011,green
473,06_1301,06_102,256,green
474,06_1301,06_103,119,green
475,06_1301,06_104,16,green
476,06_1301,06_105,39,green
477,06_1301,06_106,147,green
478,06_1301,06_107,96,green
479,06_1301,06_108,88,green
480,06_1301,06_109,43,green
481,06_1301,06_110,87,green
482,06_1301,06_1301,9443,lime
483,06_1301,06_1302,3654,green
484,06_1301,06_1303,1150,green
485,06_1301,06_1304,1038,green
486,06_1301,06_1305,142,green
487,06_1301,06_1306,1065,green
488,06_1301,06_1307,59,green
489,06_1301,06_1308,24,green
490,06_1301,06_1309,11,green
491,06_1301,06_4101,617,green
492,06_1301,06_4102,1385,green
493,06_1301,06_7501,98,green
494,06_1301,06_7502,82,green
495,06_1301,06_7503,492,green
496,06_1301,06_7504,499,green
497,06_1301,06_7505,18,green
498,06_1301,06_7506,4,green
499,06_1301,06_7507,5,green
500,06_1301,06_8101,26,green
501,06_1301,06_8102,29,green
502,06_1301,06_8103,9,green
503,06_1301,06_8104,33,green
504,06_1301,06_8105,42,green
505,06_1301,06_8106,22,green
506,06_1301,06_8501,10,green
507,06_1301,06_8502,7,green
508,06_1301,06_8504,5,green
509,06_1302,06_101,839,green
510,06_1302,06_102,283,green
511,06_1302,06_103,78,green
512,06_1302,06_104,15,green
513,06_1302,06_105,48,green
514,06_1302,06_106,155,green
515,06_1302,06_107,173,green
516,06_1302,06_108,154,green
517,06_1302,06_109,70,green
518,06_1302,06_110,118,green
519,06_1302,06_1301,3667,green
520,06_1302,06_1302,2642,green
521,06_1302,06_1303,1110,green
522,06_1302,06_1304,969,green
523,06_1302,06_1305,144,green
524,06_1302,06_1306,1307,green
525,06_1302,06_1307,60,green
526,06_1302,06_1308,19,green
527,06_1302,06_1309,11,green
528,06_1302,06_4101,14,green
529,06_1302,06_4102,171,green
530,06_1302,06_7502,2,green
531,06_1302,06_7505,13,green
532,06_1302,06_7506,13,green
533,06_1302,06_8101,57,green
534,06_1302,06_8102,71,green
535,06_1302,06_8103,50,green
536,06_1302,06_8104,57,green
537,06_1302,06_8105,63,green
538,06_1302,06_8106,84,green
539,06_1302,06_8501,66,green
540,06_1302,06_8502,12,green
541,06_1302,06_8503,3,green
542,06_1302,06_8504,19,green
543,06_1302,06_8506,7,green
544,06_1303,06_101,3315,green
545,06_1303,06_102,1071,green
546,06_1303,06_103,176,green
547,06_1303,06_104,221,green
548,06_1303,06_105,315,green
549,06_1303,06_106,115,green
550,06_1303,06_107,184,green
551,06_1303,06_108,195,green
552,06_1303,06_109,198,green
553,06_1303,06_110,207,green
554,06_1303,06_1301,10547,yellow
555,06_1303,06_1302,8519,lime
556,06_1303,06_1303,2489,green
557,06_1303,06_1304,1627,green
558,06_1303,06_1305,117,green
559,06_1303,06_1306,1803,green
560,06_1303,06_1307,371,green
561,06_1303,06_1308,311,green
562,06_1303,06_1309,156,green
563,06_1303,06_4101,12,green
564,06_1303,06_4102,25,green
565,06_1303,06_7501,2,green
566,06_1303,06_7502,2,green
567,06_1303,06_7505,21,green
568,06_1303,06_7506,22,green
569,06_1303,06_7507,5,green
570,06_1303,06_8101,82,green
571,06_1303,06_8102,102,green
572,06_1303,06_8103,219,green
573,06_1303,06_8104,224,green
574,06_1303,06_8105,139,green
575,06_1303,06_8106,131,green
576,06_1303,06_8501,116,green
577,06_1303,06_8502,58,green
578,06_1303,06_8503,31,green
579,06_1303,06_8504,101,green
580,06_1303,06_8506,65,green
581,06_1304,06_101,12105,yellow
582,06_1304,06_102,8452,lime
583,06_1304,06_103,5223,lime
584,06_1304,06_104,4035,green
585,06_1304,06_105,2190,green
586,06_1304,06_106,693,green
587,06_1304,06_107,442,green
588,06_1304,06_108,525,green
589,06_1304,06_109,467,green
590,06_1304,06_110,398,green
591,06_1304,06_1301,12834,yellow
592,06_1304,06_1302,11737,yellow
593,06_1304,06_1303,4467,green
594,06_1304,06_1304,5261,lime
595,06_1304,06_1305,495,green
596,06_1304,06_1306,6649,lime
597,06_1304,06_1307,1160,green
598,06_1304,06_1308,395,green
599,06_1304,06_1309,327,green
600,06_1304,06_4101,18,green
601,06_1304,06_4102,131,green
602,06_1304,06_7501,8,green
603,06_1304,06_7502,284,green
604,06_1304,06_7503,497,green
605,06_1304,06_7504,207,green
606,06_1304,06_7505,18,green
607,06_1304,06_7506,35,green
608,06_1304,06_7507,191,green
609,06_1304,06_8101,130,green
610,06_1304,06_8102,167,green
611,06_1304,06_8103,323,green
612,06_1304,06_8104,473,green
613,06_1304,06_8105,350,green
614,06_1304,06_8106,351,green
615,06_1304,06_8501,360,green
616,06_1304,06_8502,333,green
617,06_1304,06_8503,220,green
618,06_1304,06_8504,285,green
619,06_1304,06_8505,69,green
620,06_1304,06_8506,63,green
621,06_1304,06_8507,57,green
622,06_1304,06_8508,24,green
623,06_1304,06_8509,67,green
624,06_1304,06_8510,14,green
625,06_1304,06_8511,7,green
626,06_1304,06_8513,18,green
627,06_1304,06_8514,68,green
628,06_1304,06_8701,8,green
629,06_1305,06_101,5620,lime
630,06_1305,06_102,32629,orange
631,06_1305,06_103,20414,yellow
632,06_1305,06_104,25282,orange
633,06_1305,06_105,17923,yellow
634,06_1305,06_106,5473,lime
635,06_1305,06_107,8273,lime
636,06_1305,06_108,5162,lime
637,06_1305,06_109,1362,green
638,06_1305,06_110,795,green
639,06_1305,06_1301,1867,green
640,06_1305,06_1302,2112,green
641,06_1305,06_1303,3518,green
642,06_1305,06_1304,8277,lime
643,06_1305,06_1305,1945,green
644,06_1305,06_1306,8739,lime
645,06_1305,06_1307,1534,green
646,06_1305,06_1308,1529,green
647,06_1305,06_1309,997,green
648,06_1305,06_4101,12,green
649,06_1305,06_4102,152,green
650,06_1305,06_7501,38,green
651,06_1305,06_7502,476,green
652,06_1305,06_7503,145,green
653,06_1305,06_7504,219,green
654,06_1305,06_7505,85,green
655,06_1305,06_7506,237,green
656,06_1305,06_7507,572,green
657,06_1305,06_8101,1001,green
658,06_1305,06_8102,1706,green
659,06_1305,06_8103,4760,green
660,06_1305,06_8104,4917,green
661,06_1305,06_8105,5221,lime
662,06_1305,06_8106,3073,green
663,06_1305,06_8501,666,green
664,06_1305,06_8502,428,green
665,06_1305,06_8503,248,green
666,06_1305,06_8504,379,green
667,06_1305,06_8505,82,green
668,06_1305,06_8506,80,green
669,06_1305,06_8507,207,green
670,06_1305,06_8508,144,green
671,06_1305,06_8509,93,green
672,06_1305,06_8510,79,green
673,06_1305,06_8511,129,green
674,06_1305,06_8512,50,green
675,06_1305,06_8513,91,green
676,06_1305,06_8514,85,green
677,06_1305,06_8701,22,green
678,06_1306,06_101,12070,yellow
679,06_1306,06_102,16388,yellow
680,06_1306,06_103,7272,lime
681,06_1306,06_104,8562,lime
682,06_1306,06_105,3180,green
683,06_1306,06_106,793,green
684,06_1306,06_107,302,green
685,06_1306,06_108,327,green
686,06_1306,06_109,338,green
687,06_1306,06_110,535,green
688,06_1306,06_1301,19804,yellow
689,06_1306,06_1302,17221,yellow
690,06_1306,06_1303,6510,lime
691,06_1306,06_1304,5604,lime
692,06_1306,06_1305,428,green
693,06_1306,06_1306,6752,lime
694,06_1306,06_1307,1207,green
695,06_1306,06_1308,397,green
696,06_1306,06_1309,301,green
697,06_1306,06_4101,15,green
698,06_1306,06_4102,98,green
699,06_1306,06_7501,1,green
700,06_1306,06_7502,81,green
701,06_1306,06_7506,20,green
702,06_1306,06_7507,24,green
703,06_1306,06_8101,47,green
704,06_1306,06_8102,83,green
705,06_1306,06_8103,144,green
706,06_1306,06_8104,169,green
707,06_1306,06_8105,113,green
708,06_1306,06_8106,142,green
709,06_1306,06_8501,157,green
710,06_1306,06_8502,196,green
711,06_1306,06_8503,106,green
712,06_1306,06_8504,250,green
713,06_1306,06_8505,27,green
714,06_1306,06_8506,97,green
715,06_1306,06_8507,9,green
716,06_1306,06_8509,20,green
717,06_1306,06_8510,4,green
718,06_1306,06_8513,7,green
719,06_1306,06_8514,14,green
720,06_1307,06_101,3742,green
721,06_1307,06_102,12376,yellow
722,06_1307,06_103,5125,lime
723,06_1307,06_104,6538,lime
724,06_1307,06_105,2358,green
725,06_1307,06_106,425,green
726,06_1307,06_107,95,green
727,06_1307,06_108,88,green
728,06_1307,06_109,107,green
729,06_1307,06_110,227,green
730,06_1307,06_1301,2576,green
731,06_1307,06_1302,2491,green
732,06_1307,06_1303,2838,green
733,06_1307,06_1304,2444,green
734,06_1307,06_1305,167,green
735,06_1307,06_1306,3243,green
736,06_1307,06_1307,565,green
737,06_1307,06_1308,108,green
738,06_1307,06_1309,60,green
739,06_1307,06_4101,8,green
740,06_1307,06_4102,43,green
741,06_1307,06_7502,51,green
742,06_1307,06_7503,1,green
743,06_1307,06_7506,20,green
744,06_1307,06_7507,17,green
745,06_1307,06_8101,11,green
746,06_1307,06_8102,21,green
747,06_1307,06_8103,53,green
748,06_1307,06_8104,40,green
749,06_1307,06_8105,14,green
750,06_1307,06_8106,40,green
751,06_1307,06_8501,30,green
752,06_1307,06_8502,39,green
753,06_1307,06_8503,9,green
754,06_1307,06_8504,74,green
755,06_1307,06_8505,10,green
756,06_1307,06_8506,30,green
757,06_1308,06_101,4473,green
758,06_1308,06_102,25134,orange
759,06_1308,06_103,13981,yellow
760,06_1308,06_104,14970,yellow
761,06_1308,06_105,10356,yellow
762,06_1308,06_106,1299,green
763,06_1308,06_107,167,green
764,06_1308,06_108,209,green
765,06_1308,06_109,210,green
766,06_1308,06_110,504,green
767,06_1308,06_1301,1246,green
768,06_1308,06_1302,1369,green
769,06_1308,06_1303,4561,green
770,06_1308,06_1304,4797,green
771,06_1308,06_1305,676,green
772,06_1308,06_1306,6203,lime
773,06_1308,06_1307,900,green
774,06_1308,06_1308,503,green
775,06_1308,06_1309,346,green
776,06_1308,06_4101,6,green
777,06_1308,06_4102,84,green
778,06_1308,06_7502,251,green
779,06_1308,06_7503,1,green
780,06_1308,06_7507,56,green
781,06_1308,06_8101,4,green
782,06_1308,06_8102,11,green
783,06_1308,06_8103,18,green
784,06_1308,06_8104,21,green
785,06_1308,06_8105,20,green
786,06_1308,06_8106,24,green
787,06_1308,06_8501,49,green
788,06_1308,06_8502,47,green
789,06_1308,06_8503,22,green
790,06_1308,06_8504,62,green
791,06_1308,06_8505,13,green
792,06_1308,06_8506,33,green
793,06_1308,06_8507,4,green
794,06_1308,06_8509,5,green
795,06_1308,06_8510,4,green
796,06_1308,06_8513,7,green
797,06_1308,06_8514,10,green
798,06_1309,06_101,3252,green
799,06_1309,06_102,19802,yellow
800,06_1309,06_103,11387,yellow
801,06_1309,06_104,11325,yellow
802,06_1309,06_105,9124,lime
803,06_1309,06_106,1103,green
804,06_1309,06_107,140,green
805,06_1309,06_108,151,green
806,06_1309,06_109,143,green
807,06_1309,06_110,492,green
808,06_1309,06_1301,1060,green
809,06_1309,06_1302,1235,green
810,06_1309,06_1303,3635,green
811,06_1309,06_1304,4031,green
812,06_1309,06_1305,629,green
813,06_1309,06_1306,4714,green
814,06_1309,06_1307,466,green
815,06_1309,06_1308,453,green
816,06_1309,06_1309,307,green
817,06_1309,06_4102,56,green
818,06_1309,06_7502,222,green
819,06_1309,06_7507,50,green
820,06_1309,06_8102,3,green
821,06_1309,06_8103,12,green
822,06_1309,06_8104,15,green
823,06_1309,06_8105,13,green
824,06_1309,06_8106,10,green
825,06_1309,06_8501,38,green
826,06_1309,06_8502,44,green
827,06_1309,06_8503,17,green
828,06_1309,06_8504,51,green
829,06_1309,06_8505,11,green
830,06_1309,06_8506,22,green
831,06_1309,06_8507,4,green
832,06_1309,06_8509,2,green
833,06_1309,06_8510,4,green
834,06_1309,06_8513,7,green
835,06_1309,06_8514,10,green
836,06_4101,06_101,81,green
837,06_4101,06_102,17,green
838,06_4101,06_103,36,green
839,06_4101,06_104,7,green
840,06_4101,06_105,24,green
841,06_4101,06_106,30,green
842,06_4101,06_107,25,green
843,06_4101,06_108,16,green
844,06_4101,06_109,3,green
845,06_4101,06_110,10,green
846,06_4101,06_1301,828,green
847,06_4101,06_1302,74,green
848,06_4101,06_1303,88,green
849,06_4101,06_1304,124,green
850,06_4101,06_1305,28,green
851,06_4101,06_1306,84,green
852,06_4101,06_1307,2,green
853,06_4101,06_4101,313,green
854,06_4101,06_4102,1091,green
855,06_4101,06_7501,24,green
856,06_4101,06_7502,17,green
857,06_4101,06_7504,2,green
858,06_4101,06_8101,9,green
859,06_4101,06_8102,38,green
860,06_4101,06_8103,54,green
861,06_4101,06_8104,38,green
862,06_4101,06_8105,18,green
863,06_4101,06_8106,12,green
864,06_4101,06_8501,3,green
865,06_4102,06_101,173,green
866,06_4102,06_102,43,green
867,06_4102,06_103,67,green
868,06_4102,06_104,16,green
869,06_4102,06_105,49,green
870,06_4102,06_106,65,green
871,06_4102,06_107,48,green
872,06_4102,06_108,59,green
873,06_4102,06_109,21,green
874,06_4102,06_110,30,green
875,06_4102,06_1301,1305,green
876,06_4102,06_1302,345,green
877,06_4102,06_1303,155,green
878,06_4102,06_1304,247,green
879,06_4102,06_1305,94,green
880,06_4102,06_1306,164,green
881,06_4102,06_1307,15,green
882,06_4102,06_1308,13,green
883,06_4102,06_1309,6,green
884,06_4102,06_4101,1235,green
885,06_4102,06_4102,4678,green
886,06_4102,06_7501,223,green
887,06_4102,06_7502,1527,green
888,06_4102,06_7503,1177,green
889,06_4102,06_7504,9,green
890,06_4102,06_7505,8,green
891,06_4102,06_7506,4,green
892,06_4102,06_7507,1,green
893,06_4102,06_8101,31,green
894,06_4102,06_8102,52,green
895,06_4102,06_8103,79,green
896,06_4102,06_8104,81,green
897,06_4102,06_8105,48,green
898,06_4102,06_8106,29,green
899,06_4102,06_8501,7,green
900,06_4102,06_8502,3,green
901,06_4102,06_8504,3,green
902,06_7501,06_101,2248,green
903,06_7501,06_102,1426,green
904,06_7501,06_103,116,green
905,06_7501,06_104,229,green
906,06_7501,06_105,1340,green
907,06_7501,06_106,312,green
908,06_7501,06_107,61,green
909,06_7501,06_108,29,green
910,06_7501,06_109,8,green
911,06_7501,06_110,76,green
912,06_7501,06_1301,9733,lime
913,06_7501,06_1302,1551,green
914,06_7501,06_1303,79,green
915,06_7501,06_1304,243,green
916,06_7501,06_1305,47,green
917,06_7501,06_1306,94,green
918,06_7501,06_1307,3,green
919,06_7501,06_4101,5722,lime
920,06_7501,06_4102,17572,yellow
921,06_7501,06_7501,56147,red
922,06_7501,06_7502,60690,red
923,06_7501,06_7503,65773,red
924,06_7501,06_7504,35516,orange
925,06_7501,06_7505,34467,orange
926,06_7501,06_7506,19664,yellow
927,06_7501,06_7507,4563,green
928,06_7501,06_8101,230,green
929,06_7501,06_8102,7297,lime
930,06_7501,06_8103,30,green
931,06_7501,06_8104,468,green
932,06_7501,06_8105,472,green
933,06_7501,06_8106,9,green
934,06_7501,06_8501,34,green
935,06_7501,06_8502,17,green
936,06_7502,06_101,5655,lime
937,06_7502,06_102,3602,green
938,06_7502,06_103,293,green
939,06_7502,06_104,277,green
940,06_7502,06_105,729,green
941,06_7502,06_106,112,green
942,06_7502,06_107,98,green
943,06_7502,06_108,55,green
944,06_7502,06_109,36,green
945,06_7502,06_110,71,green
946,06_7502,06_1301,17784,yellow
947,06_7502,06_1302,5129,lime
948,06_7502,06_1303,1033,green
949,06_7502,06_1304,582,green
950,06_7502,06_1305,79,green
951,06_7502,06_1306,643,green
952,06_7502,06_1307,39,green
953,06_7502,06_1308,18,green
954,06_7502,06_1309,10,green
955,06_7502,06_4101,4856,green
956,06_7502,06_4102,13162,yellow
957,06_7502,06_7501,51687,red
958,06_7502,06_7502,107206,darkred
959,06_7502,06_7503,109915,darkred
960,06_7502,06_7504,55286,red
961,06_7502,06_7505,11059,yellow
962,06_7502,06_7506,25568,orange
963,06_7502,06_7507,31058,orange
964,06_7502,06_8101,973,green
965,06_7502,06_8102,557,green
966,06_7502,06_8103,17,green
967,06_7502,06_8104,256,green
968,06_7502,06_8105,252,green
969,06_7502,06_8106,31,green
970,06_7502,06_8501,48,green
971,06_7502,06_8502,33,green
972,06_7502,06_8503,20,green
973,06_7502,06_8504,3,green
974,06_7502,06_8507,6,green
975,06_7502,06_8508,2,green
976,06_7503,06_101,5791,lime
977,06_7503,06_102,3665,green
978,06_7503,06_103,252,green
979,06_7503,06_104,134,green
980,06_7503,06_105,1121,green
981,06_7503,06_106,719,green
982,06_7503,06_107,6,green
983,06_7503,06_108,69,green
984,06_7503,06_109,69,green
985,06_7503,06_110,5,green
986,06_7503,06_1301,20835,yellow
987,06_7503,06_1302,3723,green
988,06_7503,06_1303,72,green
989,06_7503,06_1304,50,green
990,06_7503,06_1305,6,green
991,06_7503,06_1306,25,green
992,06_7503,06_4101,7140,lime
993,06_7503,06_4102,19301,yellow
994,06_7503,06_7501,186795,darkred
995,06_7503,06_7502,173517,darkred
996,06_7503,06_7503,293001,darkred
997,06_7503,06_7504,192709,darkred
998,06_7503,06_7505,86874,red
999,06_7503,06_7506,103768,darkred
1000,06_7503,06_7507,63105,red
1001,06_7503,06_8101,3506,green
1002,06_7503,06_8102,16339,yellow
1003,06_7503,06_8103,2198,green
1004,06_7503,06_8104,1419,green
1005,06_7503,06_8105,687,green
1006,06_7503,06_8106,85,green
1007,06_7503,06_8501,296,green
1008,06_7503,06_8502,2,green
1009,06_7503,06_8503,2,green
1010,06_7503,06_8507,2,green
1011,06_7504,06_101,1487,green
1012,06_7504,06_102,1621,green
1013,06_7504,06_103,160,green
1014,06_7504,06_104,17,green
1015,06_7504,06_105,792,green
1016,06_7504,06_106,236,green
1017,06_7504,06_107,17,green
1018,06_7504,06_108,11,green
1019,06_7504,06_109,7,green
1020,06_7504,06_110,9,green
1021,06_7504,06_1301,21273,yellow
1022,06_7504,06_1302,4271,green
1023,06_7504,06_1303,234,green
1024,06_7504,06_1304,164,green
1025,06_7504,06_1305,9,green
1026,06_7504,06_1306,37,green
1027,06_7504,06_1308,3,green
1028,06_7504,06_1309,3,green
1029,06_7504,06_4101,6964,lime
1030,06_7504,06_4102,26633,orange
1031,06_7504,06_7501,102979,darkred
1032,06_7504,06_7502,68350,red
1033,06_7504,06_7503,155529,darkred
1034,06_7504,06_7504,94934,red
1035,06_7504,06_7505,48414,orange
1036,06_7504,06_7506,26615,orange
1037,06_7504,06_7507,7086,lime
1038,06_7504,06_8101,1747,green
1039,06_7504,06_8102,14400,yellow
1040,06_7504,06_8103,807,green
1041,06_7504,06_8104,197,green
1042,06_7504,06_8105,7,green
1043,06_7504,06_8106,38,green
1044,06_7504,06_8501,194,green
1045,06_7504,06_8502,2,green
1046,06_7504,06_8503,2,green
1047,06_7504,06_8504,2,green
1048,06_7504,06_8507,5,green
1049,06_7504,06_8508,3,green
1050,06_7505,06_101,1620,green
1051,06_7505,06_102,497,green
1052,06_7505,06_103,155,green
1053,06_7505,06_104,5,green
1054,06_7505,06_105,228,green
1055,06_7505,06_106,15,green
1056,06_7505,06_107,16,green
1057,06_7505,06_108,15,green
1058,06_7505,06_109,8,green
1059,06_7505,06_110,18,green
1060,06_7505,06_1301,14946,yellow
1061,06_7505,06_1302,3190,green
1062,06_7505,06_1303,152,green
1063,06_7505,06_1304,164,green
1064,06_7505,06_1305,25,green
1065,06_7505,06_1306,89,green
1066,06_7505,06_1307,2,green
1067,06_7505,06_1308,3,green
1068,06_7505,06_1309,3,green
1069,06_7505,06_4101,4093,green
1070,06_7505,06_4102,18201,yellow
1071,06_7505,06_7501,17722,yellow
1072,06_7505,06_7502,27104,orange
1073,06_7505,06_7503,21040,yellow
1074,06_7505,06_7504,3526,green
1075,06_7505,06_7505,911,green
1076,06_7505,06_7506,246,green
1077,06_7505,06_7507,356,green
1078,06_7505,06_8101,26,green
1079,06_7505,06_8102,21,green
1080,06_7505,06_8103,9,green
1081,06_7505,06_8104,92,green
1082,06_7505,06_8105,45,green
1083,06_7505,06_8106,11,green
1084,06_7505,06_8501,11,green
1085,06_7505,06_8502,1,green
1086,06_7505,06_8504,4,green
1087,06_7506,06_101,1920,green
1088,06_7506,06_102,1658,green
1089,06_7506,06_103,312,green
1090,06_7506,06_104,414,green
1091,06_7506,06_105,1943,green
1092,06_7506,06_106,644,green
1093,06_7506,06_107,46,green
1094,06_7506,06_108,12,green
1095,06_7506,06_109,5,green
1096,06_7506,06_110,1151,green
1097,06_7506,06_1301,18647,yellow
1098,06_7506,06_1302,4717,green
1099,06_7506,06_1303,260,green
1100,06_7506,06_1304,584,green
1101,06_7506,06_1305,2831,green
1102,06_7506,06_1306,641,green
1103,06_7506,06_1307,259,green
1104,06_7506,06_1308,172,green
1105,06_7506,06_1309,75,green
1106,06_7506,06_4101,4461,green
1107,06_7506,06_4102,17820,yellow
1108,06_7506,06_7501,29769,orange
1109,06_7506,06_7502,25828,orange
1110,06_7506,06_7503,28173,orange
1111,06_7506,06_7504,24348,yellow
1112,06_7506,06_7505,17107,yellow
1113,06_7506,06_7506,3912,green
1114,06_7506,06_7507,2907,green
1115,06_7506,06_8101,547,green
1116,06_7506,06_8102,859,green
1117,06_7506,06_8103,315,green
1118,06_7506,06_8104,85,green
1119,06_7506,06_8105,38,green
1120,06_7506,06_8106,4,green
1121,06_7506,06_8501,8,green
1122,06_7506,06_8502,1,green
1123,06_7506,06_8504,2,green
1124,06_7506,06_8507,3,green
1125,06_7506,06_8508,3,green
1126,06_7507,06_101,776,green
1127,06_7507,06_102,767,green
1128,06_7507,06_103,566,green
1129,06_7507,06_104,681,green
1130,06_7507,06_105,816,green
1131,06_7507,06_106,752,green
1132,06_7507,06_107,212,green
1133,06_7507,06_108,102,green
1134,06_7507,06_109,58,green
1135,06_7507,06_110,1980,green
1136,06_7507,06_1301,14343,yellow
1137,06_7507,06_1302,3674,green
1138,06_7507,06_1303,480,green
1139,06_7507,06_1304,889,green
1140,06_7507,06_1305,3401,green
1141,06_7507,06_1306,938,green
1142,06_7507,06_1307,329,green
1143,06_7507,06_1308,198,green
1144,06_7507,06_1309,85,green
1145,06_7507,06_4101,2147,green
1146,06_7507,06_4102,8650,lime
1147,06_7507,06_7501,33425,orange
1148,06_7507,06_7502,30295,orange
1149,06_7507,06_7503,61668,red
1150,06_7507,06_7504,38146,orange
1151,06_7507,06_7505,20995,yellow
1152,06_7507,06_7506,15814,yellow
1153,06_7507,06_7507,8514,lime
1154,06_7507,06_8101,3754,green
1155,06_7507,06_8102,3194,green
1156,06_7507,06_8103,609,green
1157,06_7507,06_8104,115,green
1158,06_7507,06_8105,25,green
1159,06_7507,06_8106,25,green
1160,06_7507,06_8501,25,green
1161,06_7507,06_8502,19,green
1162,06_7507,06_8503,18,green
1163,06_7507,06_8504,61,green
1164,06_7507,06_8505,1,green
1165,06_7507,06_8506,43,green
1166,06_7507,06_8507,24,green
1167,06_7507,06_8508,9,green
1168,06_7507,06_8509,19,green
1169,06_7507,06_8514,10,green
1170,06_7507,06_8701,3,green
1171,06_8101,06_101,11,green
1172,06_8101,06_102,63,green
1173,06_8101,06_103,514,green
1174,06_8101,06_104,997,green
1175,06_8101,06_105,1036,green
1176,06_8101,06_106,1728,green
1177,06_8101,06_107,302,green
1178,06_8101,06_108,107,green
1179,06_8101,06_109,92,green
1180,06_8101,06_110,3098,green
1181,06_8101,06_1301,158,green
1182,06_8101,06_1302,79,green
1183,06_8101,06_1303,713,green
1184,06_8101,06_1304,1590,green
1185,06_8101,06_1305,5984,lime
1186,06_8101,06_1306,1798,green
1187,06_8101,06_1307,600,green
1188,06_8101,06_1308,336,green
1189,06_8101,06_1309,135,green
1190,06_8101,06_4101,50,green
1191,06_8101,06_4102,218,green
1192,06_8101,06_7501,188,green
1193,06_8101,06_7502,129,green
1194,06_8101,06_7503,579,green
1195,06_8101,06_7504,130,green
1196,06_8101,06_7505,184,green
1197,06_8101,06_7506,2169,green
1198,06_8101,06_7507,1150,green
1199,06_8101,06_8101,2688,green
1200,06_8101,06_8102,700,green
1201,06_8101,06_8103,161,green
1202,06_8101,06_8104,178,green
1203,06_8101,06_8105,22,green
1204,06_8101,06_8106,20,green
1205,06_8101,06_8501,32,green
1206,06_8101,06_8502,68,green
1207,06_8101,06_8503,68,green
1208,06_8101,06_8504,134,green
1209,06_8101,06_8505,1,green
1210,06_8101,06_8506,67,green
1211,06_8101,06_8507,53,green
1212,06_8101,06_8508,23,green
1213,06_8101,06_8509,44,green
1214,06_8101,06_8510,1,green
1215,06_8101,06_8512,3,green
1216,06_8101,06_8513,1,green
1217,06_8101,06_8514,11,green
1218,06_8101,06_8701,5,green
1219,06_8102,06_101,5,green
1220,06_8102,06_102,21,green
1221,06_8102,06_103,433,green
1222,06_8102,06_104,647,green
1223,06_8102,06_105,858,green
1224,06_8102,06_106,1315,green
1225,06_8102,06_107,458,green
1226,06_8102,06_108,110,green
1227,06_8102,06_109,131,green
1228,06_8102,06_110,2697,green
1229,06_8102,06_1301,99,green
1230,06_8102,06_1303,239,green
1231,06_8102,06_1304,801,green
1232,06_8102,06_1305,4035,green
1233,06_8102,06_1306,717,green
1234,06_8102,06_1307,242,green
1235,06_8102,06_1308,244,green
1236,06_8102,06_1309,148,green
1237,06_8102,06_4101,81,green
1238,06_8102,06_4102,125,green
1239,06_8102,06_7501,453,green
1240,06_8102,06_7502,378,green
1241,06_8102,06_7503,1773,green
1242,06_8102,06_7504,1203,green
1243,06_8102,06_7505,500,green
1244,06_8102,06_7506,15591,yellow
1245,06_8102,06_7507,9871,lime
1246,06_8102,06_8101,17284,yellow
1247,06_8102,06_8102,7243,lime
1248,06_8102,06_8103,694,green
1249,06_8102,06_8104,322,green
1250,06_8102,06_8105,69,green
1251,06_8102,06_8106,67,green
1252,06_8102,06_8501,60,green
1253,06_8102,06_8502,60,green
1254,06_8102,06_8503,299,green
1255,06_8102,06_8504,417,green
1256,06_8102,06_8505,1,green
1257,06_8102,06_8506,110,green
1258,06_8102,06_8507,88,green
1259,06_8102,06_8508,38,green
1260,06_8102,06_8509,562,green
1261,06_8102,06_8510,38,green
1262,06_8102,06_8511,4,green
1263,06_8102,06_8512,3,green
1264,06_8102,06_8513,1,green
1265,06_8102,06_8514,149,green
1266,06_8102,06_8701,5,green
1267,06_8103,06_101,2,green
1268,06_8103,06_102,335,green
1269,06_8103,06_103,554,green
1270,06_8103,06_104,4051,green
1271,06_8103,06_105,10283,yellow
1272,06_8103,06_106,16973,yellow
1273,06_8103,06_107,13654,yellow
1274,06_8103,06_108,3449,green
1275,06_8103,06_109,808,green
1276,06_8103,06_110,779,green
1277,06_8103,06_1301,4,green
1278,06_8103,06_1303,68,green
1279,06_8103,06_1304,501,green
1280,06_8103,06_1305,915,green
1281,06_8103,06_1306,175,green
1282,06_8103,06_1308,36,green
1283,06_8103,06_1309,34,green
1284,06_8103,06_4101,48,green
1285,06_8103,06_4102,97,green
1286,06_8103,06_7501,39,green
1287,06_8103,06_7502,372,green
1288,06_8103,06_7503,1569,green
1289,06_8103,06_7504,1407,green
1290,06_8103,06_7505,395,green
1291,06_8103,06_7506,11846,yellow
1292,06_8103,06_7507,12304,yellow
1293,06_8103,06_8101,24603,yellow
1294,06_8103,06_8102,23986,yellow
1295,06_8103,06_8103,9663,lime
1296,06_8103,06_8104,4839,green
1297,06_8103,06_8105,1437,green
1298,06_8103,06_8106,1272,green
1299,06_8103,06_8501,354,green
1300,06_8103,06_8502,101,green
1301,06_8103,06_8503,28,green
1302,06_8103,06_8504,109,green
1303,06_8103,06_8505,28,green
1304,06_8103,06_8506,23,green
1305,06_8103,06_8507,123,green
1306,06_8103,06_8508,34,green
1307,06_8103,06_8509,29,green
1308,06_8103,06_8510,20,green
1309,06_8103,06_8511,51,green
1310,06_8103,06_8512,43,green
1311,06_8103,06_8513,27,green
1312,06_8103,06_8514,8,green
1313,06_8103,06_8701,87,green
1314,06_8104,06_101,4,green
1315,06_8104,06_102,481,green
1316,06_8104,06_103,1167,green
1317,06_8104,06_104,4854,green
1318,06_8104,06_105,15084,yellow
1319,06_8104,06_106,29532,orange
1320,06_8104,06_107,27347,orange
1321,06_8104,06_108,8129,lime
1322,06_8104,06_109,3274,green
1323,06_8104,06_110,3203,green
1324,06_8104,06_1301,47,green
1325,06_8104,06_1302,67,green
1326,06_8104,06_1303,24,green
1327,06_8104,06_1304,238,green
1328,06_8104,06_1305,1530,green
1329,06_8104,06_1306,110,green
1330,06_8104,06_1307,52,green
1331,06_8104,06_1308,2,green
1332,06_8104,06_4101,70,green
1333,06_8104,06_4102,122,green
1334,06_8104,06_7501,101,green
1335,06_8104,06_7502,400,green
1336,06_8104,06_7503,2242,green
1337,06_8104,06_7504,1423,green
1338,06_8104,06_7505,540,green
1339,06_8104,06_7506,6891,lime
1340,06_8104,06_7507,9497,lime
1341,06_8104,06_8101,17593,yellow
1342,06_8104,06_8102,23869,yellow
1343,06_8104,06_8103,17827,yellow
1344,06_8104,06_8104,8942,lime
1345,06_8104,06_8105,2398,green
1346,06_8104,06_8106,1898,green
1347,06_8104,06_8501,1043,green
1348,06_8104,06_8502,354,green
1349,06_8104,06_8503,159,green
1350,06_8104,06_8504,419,green
1351,06_8104,06_8505,55,green
1352,06_8104,06_8506,74,green
1353,06_8104,06_8507,226,green
1354,06_8104,06_8508,105,green
1355,06_8104,06_8509,79,green
1356,06_8104,06_8510,80,green
1357,06_8104,06_8511,124,green
1358,06_8104,06_8512,74,green
1359,06_8104,06_8513,50,green
1360,06_8104,06_8514,30,green
1361,06_8104,06_8701,178,green
1362,06_8105,06_101,38,green
1363,06_8105,06_102,896,green
1364,06_8105,06_103,1748,green
1365,06_8105,06_104,4404,green
1366,06_8105,06_105,23276,yellow
1367,06_8105,06_106,47081,orange
1368,06_8105,06_107,49693,orange
1369,06_8105,06_108,18682,yellow
1370,06_8105,06_109,5553,lime
1371,06_8105,06_110,3567,green
1372,06_8105,06_1301,56,green
1373,06_8105,06_1302,77,green
1374,06_8105,06_1303,8,green
1375,06_8105,06_1304,80,green
1376,06_8105,06_1305,1612,green
1377,06_8105,06_1306,106,green
1378,06_8105,06_1307,104,green
1379,06_8105,06_4101,48,green
1380,06_8105,06_4102,87,green
1381,06_8105,06_7501,114,green
1382,06_8105,06_7502,427,green
1383,06_8105,06_7503,1052,green
1384,06_8105,06_7504,943,green
1385,06_8105,06_7505,592,green
1386,06_8105,06_7506,5828,lime
1387,06_8105,06_7507,9372,lime
1388,06_8105,06_8101,18363,yellow
1389,06_8105,06_8102,26500,orange
1390,06_8105,06_8103,20032,yellow
1391,06_8105,06_8104,12895,yellow
1392,06_8105,06_8105,5002,lime
1393,06_8105,06_8106,2448,green
1394,06_8105,06_8501,740,green
1395,06_8105,06_8502,127,green
1396,06_8105,06_8503,126,green
1397,06_8105,06_8504,162,green
1398,06_8105,06_8505,33,green
1399,06_8105,06_8506,29,green
1400,06_8105,06_8507,296,green
1401,06_8105,06_8508,256,green
1402,06_8105,06_8509,137,green
1403,06_8105,06_8510,149,green
1404,06_8105,06_8511,229,green
1405,06_8105,06_8512,42,green
1406,06_8105,06_8513,11,green
1407,06_8105,06_8514,8,green
1408,06_8105,06_8701,173,green
1409,06_8106,06_101,22,green
1410,06_8106,06_102,1204,green
1411,06_8106,06_103,1892,green
1412,06_8106,06_104,2517,green
1413,06_8106,06_105,17729,yellow
1414,06_8106,06_106,39897,orange
1415,06_8106,06_107,54190,red
1416,06_8106,06_108,35941,orange
1417,06_8106,06_109,17331,yellow
1418,06_8106,06_110,7420,lime
1419,06_8106,06_1301,20,green
1420,06_8106,06_1302,17,green
1421,06_8106,06_1303,412,green
1422,06_8106,06_1304,584,green
1423,06_8106,06_1305,1966,green
1424,06_8106,06_1306,538,green
1425,06_8106,06_1307,104,green
1426,06_8106,06_1308,27,green
1427,06_8106,06_1309,27,green
1428,06_8106,06_4101,27,green
1429,06_8106,06_4102,56,green
1430,06_8106,06_7501,466,green
1431,06_8106,06_7502,252,green
1432,06_8106,06_7503,992,green
1433,06_8106,06_7504,596,green
1434,06_8106,06_7505,288,green
1435,06_8106,06_7506,1689,green
1436,06_8106,06_7507,5394,lime
1437,06_8106,06_8101,9347,lime
1438,06_8106,06_8102,19805,yellow
1439,06_8106,06_8103,19528,yellow
1440,06_8106,06_8104,20914,yellow
1441,06_8106,06_8105,18022,yellow
1442,06_8106,06_8106,11985,yellow
1443,06_8106,06_8501,5726,lime
1444,06_8106,06_8502,2394,green
1445,06_8106,06_8503,737,green
1446,06_8106,06_8504,2201,green
1447,06_8106,06_8505,36,green
1448,06_8106,06_8506,205,green
1449,06_8106,06_8507,342,green
1450,06_8106,06_8508,284,green
1451,06_8106,06_8509,447,green
1452,06_8106,06_8510,87,green
1453,06_8106,06_8511,125,green
1454,06_8106,06_8512,63,green
1455,06_8106,06_8513,39,green
1456,06_8106,06_8514,133,green
1457,06_8106,06_8701,56,green
1458,06_8501,06_101,19,green
1459,06_8501,06_102,509,green
1460,06_8501,06_103,923,green
1461,06_8501,06_104,1436,green
1462,06_8501,06_105,6777,lime
1463,06_8501,06_106,23593,yellow
1464,06_8501,06_107,43333,orange
1465,06_8501,06_108,53662,red
1466,06_8501,06_109,47623,orange
1467,06_8501,06_110,35803,orange
1468,06_8501,06_1301,10,green
1469,06_8501,06_1302,8,green
1470,06_8501,06_1303,406,green
1471,06_8501,06_1304,823,green
1472,06_8501,06_1305,7790,lime
1473,06_8501,06_1306,644,green
1474,06_8501,06_1308,78,green
1475,06_8501,06_1309,78,green
1476,06_8501,06_4101,3,green
1477,06_8501,06_4102,18,green
1478,06_8501,06_7501,258,green
1479,06_8501,06_7502,186,green
1480,06_8501,06_7503,832,green
1481,06_8501,06_7504,578,green
1482,06_8501,06_7505,131,green
1483,06_8501,06_7506,353,green
1484,06_8501,06_7507,1369,green
1485,06_8501,06_8101,2967,green
1486,06_8501,06_8102,7978,lime
1487,06_8501,06_8103,16829,yellow
1488,06_8501,06_8104,28294,orange
1489,06_8501,06_8105,39723,orange
1490,06_8501,06_8106,42528,orange
1491,06_8501,06_8501,24582,yellow
1492,06_8501,06_8502,11193,yellow
1493,06_8501,06_8503,3453,green
1494,06_8501,06_8504,12489,yellow
1495,06_8501,06_8505,338,green
1496,06_8501,06_8506,1781,green
1497,06_8501,06_8507,605,green
1498,06_8501,06_8508,236,green
1499,06_8501,06_8509,1781,green
1500,06_8501,06_8510,103,green
1501,06_8501,06_8511,208,green
1502,06_8501,06_8512,144,green
1503,06_8501,06_8513,139,green
1504,06_8501,06_8514,843,green
1505,06_8501,06_8701,126,green
1506,06_8502,06_101,6,green
1507,06_8502,06_102,376,green
1508,06_8502,06_103,578,green
1509,06_8502,06_104,1528,green
1510,06_8502,06_105,4368,green
1511,06_8502,06_106,15992,yellow
1512,06_8502,06_107,40917,orange
1513,06_8502,06_108,73042,red
1514,06_8502,06_109,80468,red
1515,06_8502,06_110,70764,red
1516,06_8502,06_1301,7,green
1517,06_8502,06_1302,5,green
1518,06_8502,06_1304,415,green
1519,06_8502,06_1305,14196,yellow
1520,06_8502,06_1306,291,green
1521,06_8502,06_1308,67,green
1522,06_8502,06_1309,67,green
1523,06_8502,06_4102,10,green
1524,06_8502,06_7501,23,green
1525,06_8502,06_7502,42,green
1526,06_8502,06_7503,39,green
1527,06_8502,06_7504,204,green
1528,06_8502,06_7505,94,green
1529,06_8502,06_7506,461,green
1530,06_8502,06_7507,598,green
1531,06_8502,06_8101,1548,green
1532,06_8502,06_8102,3740,green
1533,06_8502,06_8103,12703,yellow
1534,06_8502,06_8104,26090,orange
1535,06_8502,06_8105,44501,orange
1536,06_8502,06_8106,64701,red
1537,06_8502,06_8501,67970,red
1538,06_8502,06_8502,47964,orange
1539,06_8502,06_8503,14235,yellow
1540,06_8502,06_8504,36653,orange
1541,06_8502,06_8505,855,green
1542,06_8502,06_8506,4392,green
1543,06_8502,06_8507,4846,green
1544,06_8502,06_8508,2514,green
1545,06_8502,06_8509,4693,green
1546,06_8502,06_8510,505,green
1547,06_8502,06_8511,484,green
1548,06_8502,06_8512,222,green
1549,06_8502,06_8513,436,green
1550,06_8502,06_8514,1025,green
1551,06_8502,06_8701,362,green
1552,06_8503,06_101,2,green
1553,06_8503,06_102,68,green
1554,06_8503,06_103,102,green
1555,06_8503,06_104,640,green
1556,06_8503,06_105,1330,green
1557,06_8503,06_106,5365,lime
1558,06_8503,06_107,28055,orange
1559,06_8503,06_108,57199,red
1560,06_8503,06_109,68376,red
1561,06_8503,06_110,45038,orange
1562,06_8503,06_1304,157,green
1563,06_8503,06_1305,7736,lime
1564,06_8503,06_1306,131,green
1565,06_8503,06_1308,28,green
1566,06_8503,06_1309,28,green
1567,06_8503,06_7501,5,green
1568,06_8503,06_7502,12,green
1569,06_8503,06_7503,16,green
1570,06_8503,06_7504,28,green
1571,06_8503,06_7505,13,green
1572,06_8503,06_7506,21,green
1573,06_8503,06_7507,56,green
1574,06_8503,06_8101,307,green
1575,06_8503,06_8102,591,green
1576,06_8503,06_8103,3608,green
1577,06_8503,06_8104,9792,lime
1578,06_8503,06_8105,16624,yellow
1579,06_8503,06_8106,38885,orange
1580,06_8503,06_8501,82940,red
1581,06_8503,06_8502,95476,red
1582,06_8503,06_8503,39689,orange
1583,06_8503,06_8504,47939,orange
1584,06_8503,06_8505,3451,green
1585,06_8503,06_8506,3735,green
1586,06_8503,06_8507,17976,yellow
1587,06_8503,06_8508,8416,lime
1588,06_8503,06_8509,12991,yellow
1589,06_8503,06_8510,1990,green
1590,06_8503,06_8511,1313,green
1591,06_8503,06_8512,406,green
1592,06_8503,06_8513,789,green
1593,06_8503,06_8514,5175,lime
1594,06_8503,06_8701,764,green
1595,06_8504,06_101,5,green
1596,06_8504,06_102,130,green
1597,06_8504,06_103,379,green
1598,06_8504,06_104,646,green
1599,06_8504,06_105,2655,green
1600,06_8504,06_106,9021,lime
1601,06_8504,06_107,22640,yellow
1602,06_8504,06_108,39761,orange
1603,06_8504,06_109,40720,orange
1604,06_8504,06_110,25556,orange
1605,06_8504,06_1301,7,green
1606,06_8504,06_1302,5,green
1607,06_8504,06_1303,1,green
1608,06_8504,06_1304,574,green
1609,06_8504,06_1305,6033,lime
1610,06_8504,06_1306,590,green
1611,06_8504,06_1308,72,green
1612,06_8504,06_1309,72,green
1613,06_8504,06_4102,6,green
1614,06_8504,06_7501,16,green
1615,06_8504,06_7502,30,green
1616,06_8504,06_7503,37,green
1617,06_8504,06_7504,101,green
1618,06_8504,06_7505,84,green
1619,06_8504,06_7506,294,green
1620,06_8504,06_7507,603,green
1621,06_8504,06_8101,1682,green
1622,06_8504,06_8102,2689,green
1623,06_8504,06_8103,8850,lime
1624,06_8504,06_8104,12438,yellow
1625,06_8504,06_8105,23223,yellow
1626,06_8504,06_8106,43562,orange
1627,06_8504,06_8501,65947,red
1628,06_8504,06_8502,57682,red
1629,06_8504,06_8503,22903,yellow
1630,06_8504,06_8504,26287,orange
1631,06_8504,06_8505,1701,green
1632,06_8504,06_8506,1670,green
1633,06_8504,06_8507,12721,yellow
1634,06_8504,06_8508,5303,lime
1635,06_8504,06_8509,5882,lime
1636,06_8504,06_8510,763,green
1637,06_8504,06_8511,898,green
1638,06_8504,06_8512,177,green
1639,06_8504,06_8513,658,green
1640,06_8504,06_8514,3004,green
1641,06_8504,06_8701,750,green
1642,06_8505,06_103,18,green
1643,06_8505,06_104,32,green
1644,06_8505,06_105,296,green
1645,06_8505,06_106,567,green
1646,06_8505,06_107,3471,green
1647,06_8505,06_108,9093,lime
1648,06_8505,06_109,8079,lime
1649,06_8505,06_110,7833,lime
1650,06_8505,06_1304,177,green
1651,06_8505,06_1305,866,green
1652,06_8505,06_1306,160,green
1653,06_8505,06_1308,7,green
1654,06_8505,06_1309,7,green
1655,06_8505,06_7507,4,green
1656,06_8505,06_8101,39,green
1657,06_8505,06_8102,39,green
1658,06_8505,06_8103,336,green
1659,06_8505,06_8104,1956,green
1660,06_8505,06_8105,2205,green
1661,06_8505,06_8106,11933,yellow
1662,06_8505,06_8501,35986,orange
1663,06_8505,06_8502,49619,orange
1664,06_8505,06_8503,47588,orange
1665,06_8505,06_8504,28700,orange
1666,06_8505,06_8505,6615,lime
1667,06_8505,06_8506,862,green
1668,06_8505,06_8507,14946,yellow
1669,06_8505,06_8508,11889,yellow
1670,06_8505,06_8509,27425,orange
1671,06_8505,06_8510,5413,lime
1672,06_8505,06_8511,831,green
1673,06_8505,06_8512,434,green
1674,06_8505,06_8513,467,green
1675,06_8505,06_8514,10250,yellow
1676,06_8505,06_8701,397,green
1677,06_8506,06_102,18,green
1678,06_8506,06_103,40,green
1679,06_8506,06_104,35,green
1680,06_8506,06_105,447,green
1681,06_8506,06_106,1462,green
1682,06_8506,06_107,2073,green
1683,06_8506,06_108,2331,green
1684,06_8506,06_109,1491,green
1685,06_8506,06_110,1827,green
1686,06_8506,06_1303,1,green
1687,06_8506,06_1304,17,green
1688,06_8506,06_1305,737,green
1689,06_8506,06_1306,10,green
1690,06_8506,06_1308,7,green
1691,06_8506,06_1309,7,green
1692,06_8506,06_7503,8,green
1693,06_8506,06_7506,8,green
1694,06_8506,06_7507,54,green
1695,06_8506,06_8101,177,green
1696,06_8506,06_8102,391,green
1697,06_8506,06_8103,970,green
1698,06_8506,06_8104,1536,green
1699,06_8506,06_8105,1690,green
1700,06_8506,06_8106,2267,green
1701,06_8506,06_8501,3978,green
1702,06_8506,06_8502,4485,green
1703,06_8506,06_8503,5481,lime
1704,06_8506,06_8504,3176,green
1705,06_8506,06_8505,2879,green
1706,06_8506,06_8506,231,green
1707,06_8506,06_8507,3100,green
1708,06_8506,06_8508,3419,green
1709,06_8506,06_8509,6861,lime
1710,06_8506,06_8510,4922,green
1711,06_8506,06_8511,1285,green
1712,06_8506,06_8512,149,green
1713,06_8506,06_8513,1273,green
1714,06_8506,06_8514,4653,green
1715,06_8506,06_8701,121,green
1716,06_8507,06_102,31,green
1717,06_8507,06_103,104,green
1718,06_8507,06_104,109,green
1719,06_8507,06_105,1223,green
1720,06_8507,06_106,4877,green
1721,06_8507,06_107,10082,yellow
1722,06_8507,06_108,20557,yellow
1723,06_8507,06_109,26736,orange
1724,06_8507,06_110,21250,yellow
1725,06_8507,06_1304,77,green
1726,06_8507,06_1305,2138,green
1727,06_8507,06_1306,29,green
1728,06_8507,06_1308,3,green
1729,06_8507,06_1309,3,green
1730,06_8507,06_7502,2,green
1731,06_8507,06_7503,5,green
1732,06_8507,06_7506,19,green
1733,06_8507,06_7507,24,green
1734,06_8507,06_8101,118,green
1735,06_8507,06_8102,193,green
1736,06_8507,06_8103,2329,green
1737,06_8507,06_8104,6611,lime
1738,06_8507,06_8105,9568,lime
1739,06_8507,06_8106,14117,yellow
1740,06_8507,06_8501,20544,yellow
1741,06_8507,06_8502,24960,yellow
1742,06_8507,06_8503,21960,yellow
1743,06_8507,06_8504,21432,yellow
1744,06_8507,06_8505,5797,lime
1745,06_8507,06_8506,2044,green
1746,06_8507,06_8507,5880,lime
1747,06_8507,06_8508,7004,lime
1748,06_8507,06_8509,22011,yellow
1749,06_8507,06_8510,8865,lime
1750,06_8507,06_8511,717,green
1751,06_8507,06_8512,392,green
1752,06_8507,06_8513,1412,green
1753,06_8507,06_8514,9797,lime
1754,06_8507,06_8701,364,green
1755,06_8508,06_102,13,green
1756,06_8508,06_103,44,green
1757,06_8508,06_104,33,green
1758,06_8508,06_105,612,green
1759,06_8508,06_106,2654,green
1760,06_8508,06_107,6346,lime
1761,06_8508,06_108,13714,yellow
1762,06_8508,06_109,18339,yellow
1763,06_8508,06_110,12301,yellow
1764,06_8508,06_1304,30,green
1765,06_8508,06_1305,1007,green
1766,06_8508,06_7507,2,green
1767,06_8508,06_8101,55,green
1768,06_8508,06_8102,122,green
1769,06_8508,06_8103,805,green
1770,06_8508,06_8104,3974,green
1771,06_8508,06_8105,5025,lime
1772,06_8508,06_8106,10816,yellow
1773,06_8508,06_8501,24883,yellow
1774,06_8508,06_8502,47721,orange
1775,06_8508,06_8503,44376,orange
1776,06_8508,06_8504,25983,orange
1777,06_8508,06_8505,5427,lime
1778,06_8508,06_8506,1174,green
1779,06_8508,06_8507,13268,yellow
1780,06_8508,06_8508,14332,yellow
1781,06_8508,06_8509,38586,orange
1782,06_8508,06_8510,12436,yellow
1783,06_8508,06_8511,992,green
1784,06_8508,06_8512,446,green
1785,06_8508,06_8513,871,green
1786,06_8508,06_8514,10166,yellow
1787,06_8508,06_8701,647,green
1788,06_8509,06_103,8,green
1789,06_8509,06_104,68,green
1790,06_8509,06_105,107,green
1791,06_8509,06_106,1190,green
1792,06_8509,06_107,13733,yellow
1793,06_8509,06_108,32950,orange
1794,06_8509,06_109,32736,orange
1795,06_8509,06_110,18903,yellow
1796,06_8509,06_1304,118,green
1797,06_8509,06_1305,2589,green
1798,06_8509,06_1306,75,green
1799,06_8509,06_7502,9,green
1800,06_8509,06_7503,11,green
1801,06_8509,06_7504,14,green
1802,06_8509,06_7507,24,green
1803,06_8509,06_8101,122,green
1804,06_8509,06_8102,236,green
1805,06_8509,06_8103,1146,green
1806,06_8509,06_8104,4048,green
1807,06_8509,06_8105,5416,lime
1808,06_8509,06_8106,20900,yellow
1809,06_8509,06_8501,72200,red
1810,06_8509,06_8502,122140,darkred
1811,06_8509,06_8503,95258,red
1812,06_8509,06_8504,74822,red
1813,06_8509,06_8505,14008,yellow
1814,06_8509,06_8506,2883,green
1815,06_8509,06_8507,37113,orange
1816,06_8509,06_8508,25239,orange
1817,06_8509,06_8509,51694,red
1818,06_8509,06_8510,10961,yellow
1819,06_8509,06_8511,1563,green
1820,06_8509,06_8512,426,green
1821,06_8509,06_8513,876,green
1822,06_8509,06_8514,22035,yellow
1823,06_8509,06_8701,1154,green
1824,06_8510,06_104,3,green
1825,06_8510,06_105,3,green
1826,06_8510,06_106,1143,green
1827,06_8510,06_107,4708,green
1828,06_8510,06_108,9024,lime
1829,06_8510,06_109,9017,lime
1830,06_8510,06_110,4409,green
1831,06_8510,06_1304,5,green
1832,06_8510,06_1305,380,green
1833,06_8510,06_1306,1,green
1834,06_8510,06_1308,1,green
1835,06_8510,06_1309,1,green
1836,06_8510,06_8101,30,green
1837,06_8510,06_8102,143,green
1838,06_8510,06_8103,282,green
1839,06_8510,06_8104,1755,green
1840,06_8510,06_8105,1230,green
1841,06_8510,06_8106,6545,lime
1842,06_8510,06_8501,27384,orange
1843,06_8510,06_8502,67578,red
1844,06_8510,06_8503,88186,red
1845,06_8510,06_8504,61446,red
1846,06_8510,06_8505,29244,orange
1847,06_8510,06_8506,1827,green
1848,06_8510,06_8507,23490,yellow
1849,06_8510,06_8508,26483,orange
1850,06_8510,06_8509,84985,red
1851,06_8510,06_8510,25738,orange
1852,06_8510,06_8511,2585,green
1853,06_8510,06_8512,1148,green
1854,06_8510,06_8513,5217,lime
1855,06_8510,06_8514,48254,orange
1856,06_8510,06_8701,831,green
1857,06_8511,06_103,1,green
1858,06_8511,06_104,3,green
1859,06_8511,06_105,4,green
1860,06_8511,06_106,254,green
1861,06_8511,06_107,1902,green
1862,06_8511,06_108,3904,green
1863,06_8511,06_109,3898,green
1864,06_8511,06_110,1325,green
1865,06_8511,06_1305,59,green
1866,06_8511,06_8101,16,green
1867,06_8511,06_8102,27,green
1868,06_8511,06_8103,51,green
1869,06_8511,06_8104,887,green
1870,06_8511,06_8105,641,green
1871,06_8511,06_8106,2157,green
1872,06_8511,06_8501,9729,lime
1873,06_8511,06_8502,27582,orange
1874,06_8511,06_8503,49788,orange
1875,06_8511,06_8504,34846,orange
1876,06_8511,06_8505,27926,orange
1877,06_8511,06_8506,2361,green
1878,06_8511,06_8507,12424,yellow
1879,06_8511,06_8508,23907,yellow
1880,06_8511,06_8509,70105,red
1881,06_8511,06_8510,32211,orange
1882,06_8511,06_8511,5675,lime
1883,06_8511,06_8512,1428,green
1884,06_8511,06_8513,10642,yellow
1885,06_8511,06_8514,48359,orange
1886,06_8511,06_8701,327,green
1887,06_8512,06_103,1,green
1888,06_8512,06_105,1,green
1889,06_8512,06_106,201,green
1890,06_8512,06_107,995,green
1891,06_8512,06_108,2067,green
1892,06_8512,06_109,1774,green
1893,06_8512,06_110,495,green
1894,06_8512,06_1305,34,green
1895,06_8512,06_8103,20,green
1896,06_8512,06_8104,278,green
1897,06_8512,06_8105,215,green
1898,06_8512,06_8106,875,green
1899,06_8512,06_8501,4308,green
1900,06_8512,06_8502,12434,yellow
1901,06_8512,06_8503,20993,yellow
1902,06_8512,06_8504,16875,yellow
1903,06_8512,06_8505,16611,yellow
1904,06_8512,06_8506,1787,green
1905,06_8512,06_8507,5990,lime
1906,06_8512,06_8508,12012,yellow
1907,06_8512,06_8509,31788,orange
1908,06_8512,06_8510,18496,yellow
1909,06_8512,06_8511,5012,lime
1910,06_8512,06_8512,779,green
1911,06_8512,06_8513,7932,lime
1912,06_8512,06_8514,27078,orange
1913,06_8512,06_8701,77,green
1914,06_8513,06_104,2,green
1915,06_8513,06_105,6,green
1916,06_8513,06_106,820,green
1917,06_8513,06_107,2378,green
1918,06_8513,06_108,3088,green
1919,06_8513,06_109,2688,green
1920,06_8513,06_110,1357,green
1921,06_8513,06_1304,14,green
1922,06_8513,06_1305,65,green
1923,06_8513,06_1306,14,green
1924,06_8513,06_1308,14,green
1925,06_8513,06_1309,14,green
1926,06_8513,06_8101,34,green
1927,06_8513,06_8102,34,green
1928,06_8513,06_8103,79,green
1929,06_8513,06_8104,612,green
1930,06_8513,06_8105,375,green
1931,06_8513,06_8106,1920,green
1932,06_8513,06_8501,11001,yellow
1933,06_8513,06_8502,25407,orange
1934,06_8513,06_8503,38896,orange
1935,06_8513,06_8504,21431,yellow
1936,06_8513,06_8505,24136,yellow
1937,06_8513,06_8506,1564,green
1938,06_8513,06_8507,14358,yellow
1939,06_8513,06_8508,20060,yellow
1940,06_8513,06_8509,53526,red
1941,06_8513,06_8510,25795,orange
1942,06_8513,06_8511,5967,lime
1943,06_8513,06_8512,1334,green
1944,06_8513,06_8513,7245,lime
1945,06_8513,06_8514,37275,orange
1946,06_8513,06_8701,205,green
1947,06_8514,06_104,89,green
1948,06_8514,06_105,272,green
1949,06_8514,06_106,627,green
1950,06_8514,06_107,4974,green
1951,06_8514,06_108,16061,yellow
1952,06_8514,06_109,14154,yellow
1953,06_8514,06_110,8799,lime
1954,06_8514,06_1304,315,green
1955,06_8514,06_1305,1244,green
1956,06_8514,06_1306,309,green
1957,06_8514,06_1308,7,green
1958,06_8514,06_1309,7,green
1959,06_8514,06_7507,4,green
1960,06_8514,06_8101,121,green
1961,06_8514,06_8102,139,green
1962,06_8514,06_8103,751,green
1963,06_8514,06_8104,3127,green
1964,06_8514,06_8105,2837,green
1965,06_8514,06_8106,14510,yellow
1966,06_8514,06_8501,46816,orange
1967,06_8514,06_8502,84536,red
1968,06_8514,06_8503,83316,red
1969,06_8514,06_8504,52914,red
1970,06_8514,06_8505,11542,yellow
1971,06_8514,06_8506,848,green
1972,06_8514,06_8507,25733,orange
1973,06_8514,06_8508,17074,yellow
1974,06_8514,06_8509,48551,orange
1975,06_8514,06_8510,7001,lime
1976,06_8514,06_8511,1461,green
1977,06_8514,06_8512,767,green
1978,06_8514,06_8513,1294,green
1979,06_8514,06_8514,20955,yellow
1980,06_8514,06_8701,841,green
1981,06_8701,06_103,4,green
1982,06_8701,06_104,13,green
1983,06_8701,06_105,40,green
1984,06_8701,06_106,121,green
1985,06_8701,06_107,298,green
1986,06_8701,06_108,720,green
1987,06_8701,06_109,680,green
1988,06_8701,06_110,488,green
1989,06_8701,06_1305,37,green
1990,06_8701,06_7501,1,green
1991,06_8701,06_7502,1,green
1992,06_8701,06_7503,3,green
1993,06_8701,06_7506,17,green
1994,06_8701,06_7507,23,green
1995,06_8701,06_8101,52,green
1996,06_8701,06_8102,72,green
1997,06_8701,06_8103,237,green
1998,06_8701,06_8104,356,green
1999,06_8701,06_8105,239,green
2000,06_8701,06_8106,304,green
2001,06_8701,06_8501,240,green
2002,06_8701,06_8502,116,green
2003,06_8701,06_8503,51,green
2004,06_8701,06_8504,191,green
2005,06_8701,06_8505,4,green
2006,06_8701,06_8506,32,green
2007,06_8701,06_8507,8,green
2008,06_8701,06_8508,14,green
2009,06_8701,06_8509,11,green
2010,06_8701,06_8510,14,green
2011,06_8701,06_8511,11,green
2012,06_8701,06_8512,6,green
2013,06_8701,06_8513,12,green
2014,06_8701,06_8514,7,green
2015,06_8701,06_8701,5,green
