,origin_puma,dest_puma,od_counts
0,17_3005,17_3005,13859
1,17_3005,17_3007,9584
2,17_3005,17_3008,2957
3,17_3005,17_3009,4701
4,17_3005,17_3102,2282
5,17_3005,17_3105,2934
6,17_3005,17_3106,3728
7,17_3005,17_3107,533
8,17_3005,17_3108,287
9,17_3005,17_3202,10371
10,17_3005,17_3203,3317
11,17_3005,17_3204,3365
12,17_3005,17_3205,10756
13,17_3005,17_3207,36952
14,17_3005,17_3208,21853
15,17_3005,17_3209,10884
16,17_3005,17_3306,120
17,17_3005,17_3308,902
18,17_3005,17_3309,674
19,17_3005,17_3310,4189
20,17_3005,17_3401,2451
21,17_3005,17_3407,4318
22,17_3005,17_3408,277
23,17_3005,17_3409,1139
24,17_3005,17_3410,849
25,17_3005,17_3411,133
26,17_3005,17_3412,25
27,17_3005,17_3413,10
28,17_3005,17_3414,6
29,17_3005,17_3415,4460
30,17_3005,17_3416,12640
31,17_3005,17_3417,4390
32,17_3005,17_3418,4445
33,17_3005,17_3419,14533
34,17_3005,17_3420,14169
35,17_3005,17_3421,4884
36,17_3005,17_3422,14587
37,17_3005,17_3501,344
38,17_3005,17_3502,170
39,17_3005,17_3503,417
40,17_3005,17_3504,663
41,17_3005,17_3520,650
42,17_3005,17_3521,692
43,17_3005,17_3522,569
44,17_3005,17_3523,919
45,17_3005,17_3524,33
46,17_3005,17_3525,21
47,17_3005,17_3526,21
48,17_3005,17_3527,90
49,17_3005,17_3530,5
50,17_3005,17_3532,4
51,17_3005,17_3601,353
52,17_3005,17_3602,1421
53,17_3005,17_3700,4066
54,17_3007,17_3005,5155
55,17_3007,17_3007,13269
56,17_3007,17_3008,6272
57,17_3007,17_3009,5952
58,17_3007,17_3102,24
59,17_3007,17_3105,82
60,17_3007,17_3106,105
61,17_3007,17_3107,36
62,17_3007,17_3108,16
63,17_3007,17_3202,1959
64,17_3007,17_3203,475
65,17_3007,17_3204,498
66,17_3007,17_3205,1688
67,17_3007,17_3207,6998
68,17_3007,17_3208,7704
69,17_3007,17_3209,3393
70,17_3007,17_3306,2233
71,17_3007,17_3307,11200
72,17_3007,17_3308,2928
73,17_3007,17_3309,11718
74,17_3007,17_3310,13629
75,17_3007,17_3401,4272
76,17_3007,17_3407,866
77,17_3007,17_3409,388
78,17_3007,17_3410,91
79,17_3007,17_3415,8832
80,17_3007,17_3416,21041
81,17_3007,17_3417,5857
82,17_3007,17_3418,5096
83,17_3007,17_3419,7451
84,17_3007,17_3420,13442
85,17_3007,17_3421,9194
86,17_3007,17_3422,2920
87,17_3007,17_3501,303
88,17_3007,17_3502,153
89,17_3007,17_3503,423
90,17_3007,17_3504,641
91,17_3007,17_3520,699
92,17_3007,17_3521,416
93,17_3007,17_3522,416
94,17_3007,17_3523,832
95,17_3007,17_3524,78
96,17_3007,17_3525,78
97,17_3007,17_3526,78
98,17_3007,17_3601,1163
99,17_3007,17_3602,3509
100,17_3007,17_3700,104
101,17_3008,17_3005,479
102,17_3008,17_3007,2558
103,17_3008,17_3008,11770
104,17_3008,17_3009,3576
105,17_3008,17_3102,1
106,17_3008,17_3202,235
107,17_3008,17_3203,13
108,17_3008,17_3204,13
109,17_3008,17_3205,124
110,17_3008,17_3207,1605
111,17_3008,17_3208,1089
112,17_3008,17_3209,151
113,17_3008,17_3306,8538
114,17_3008,17_3307,13063
115,17_3008,17_3308,6084
116,17_3008,17_3309,11352
117,17_3008,17_3310,5259
118,17_3008,17_3401,5759
119,17_3008,17_3407,36
120,17_3008,17_3409,8
121,17_3008,17_3415,4756
122,17_3008,17_3416,5386
123,17_3008,17_3417,5911
124,17_3008,17_3418,3837
125,17_3008,17_3419,6303
126,17_3008,17_3420,5276
127,17_3008,17_3421,1319
128,17_3008,17_3422,726
129,17_3008,17_3501,3
130,17_3008,17_3502,3
131,17_3008,17_3503,79
132,17_3008,17_3504,228
133,17_3008,17_3520,90
134,17_3008,17_3522,158
135,17_3008,17_3524,78
136,17_3008,17_3525,78
137,17_3008,17_3526,78
138,17_3008,17_3601,2854
139,17_3008,17_3602,8422
140,17_3009,17_3005,1492
141,17_3009,17_3007,4236
142,17_3009,17_3008,6037
143,17_3009,17_3009,3146
144,17_3009,17_3102,168
145,17_3009,17_3105,345
146,17_3009,17_3106,316
147,17_3009,17_3107,16
148,17_3009,17_3108,14
149,17_3009,17_3202,961
150,17_3009,17_3203,200
151,17_3009,17_3204,370
152,17_3009,17_3205,1213
153,17_3009,17_3207,6053
154,17_3009,17_3208,3780
155,17_3009,17_3209,748
156,17_3009,17_3306,1647
157,17_3009,17_3307,3667
158,17_3009,17_3308,1703
159,17_3009,17_3309,4548
160,17_3009,17_3310,5982
161,17_3009,17_3401,2888
162,17_3009,17_3407,490
163,17_3009,17_3409,264
164,17_3009,17_3410,142
165,17_3009,17_3411,100
166,17_3009,17_3412,2
167,17_3009,17_3415,4089
168,17_3009,17_3416,7669
169,17_3009,17_3417,2710
170,17_3009,17_3418,2783
171,17_3009,17_3419,6211
172,17_3009,17_3420,5621
173,17_3009,17_3421,2336
174,17_3009,17_3422,2714
175,17_3009,17_3501,303
176,17_3009,17_3502,153
177,17_3009,17_3503,348
178,17_3009,17_3504,43
179,17_3009,17_3520,24
180,17_3009,17_3521,238
181,17_3009,17_3522,90
182,17_3009,17_3523,180
183,17_3009,17_3527,3
184,17_3009,17_3601,997
185,17_3009,17_3602,2690
186,17_3009,17_3700,179
187,17_3102,17_3005,19638
188,17_3102,17_3007,3506
189,17_3102,17_3008,1073
190,17_3102,17_3009,4229
191,17_3102,17_3102,15366
192,17_3102,17_3105,15350
193,17_3102,17_3106,9733
194,17_3102,17_3107,5971
195,17_3102,17_3108,3712
196,17_3102,17_3202,8796
197,17_3102,17_3203,10011
198,17_3102,17_3204,22890
199,17_3102,17_3205,17303
200,17_3102,17_3207,8609
201,17_3102,17_3208,4869
202,17_3102,17_3209,12939
203,17_3102,17_3308,1
204,17_3102,17_3401,268
205,17_3102,17_3407,10328
206,17_3102,17_3408,1140
207,17_3102,17_3409,7215
208,17_3102,17_3410,4714
209,17_3102,17_3411,1909
210,17_3102,17_3412,5506
211,17_3102,17_3413,7650
212,17_3102,17_3414,10334
213,17_3102,17_3415,90
214,17_3102,17_3416,27
215,17_3102,17_3417,1048
216,17_3102,17_3418,1261
217,17_3102,17_3419,2070
218,17_3102,17_3420,3001
219,17_3102,17_3421,646
220,17_3102,17_3422,7172
221,17_3102,17_3502,13
222,17_3102,17_3503,240
223,17_3102,17_3504,1541
224,17_3102,17_3520,3446
225,17_3102,17_3521,2411
226,17_3102,17_3522,1084
227,17_3102,17_3523,743
228,17_3102,17_3524,548
229,17_3102,17_3525,217
230,17_3102,17_3526,478
231,17_3102,17_3527,637
232,17_3102,17_3528,160
233,17_3102,17_3529,214
234,17_3102,17_3530,738
235,17_3102,17_3531,913
236,17_3102,17_3532,2179
237,17_3102,17_3602,1
238,17_3102,17_3700,10778
239,17_3105,17_3005,14388
240,17_3105,17_3007,5210
241,17_3105,17_3008,1307
242,17_3105,17_3009,4026
243,17_3105,17_3102,8752
244,17_3105,17_3105,11869
245,17_3105,17_3106,12074
246,17_3105,17_3107,4050
247,17_3105,17_3108,752
248,17_3105,17_3202,16936
249,17_3105,17_3203,14695
250,17_3105,17_3204,26068
251,17_3105,17_3205,28431
252,17_3105,17_3207,15373
253,17_3105,17_3208,10841
254,17_3105,17_3209,16991
255,17_3105,17_3308,143
256,17_3105,17_3310,191
257,17_3105,17_3401,1058
258,17_3105,17_3407,14724
259,17_3105,17_3408,601
260,17_3105,17_3409,6074
261,17_3105,17_3410,4578
262,17_3105,17_3411,415
263,17_3105,17_3412,182
264,17_3105,17_3413,140
265,17_3105,17_3414,109
266,17_3105,17_3415,975
267,17_3105,17_3416,941
268,17_3105,17_3417,1818
269,17_3105,17_3418,3251
270,17_3105,17_3419,5236
271,17_3105,17_3420,6039
272,17_3105,17_3421,1915
273,17_3105,17_3422,10110
274,17_3105,17_3501,1
275,17_3105,17_3502,9
276,17_3105,17_3503,368
277,17_3105,17_3504,1528
278,17_3105,17_3520,3174
279,17_3105,17_3521,1611
280,17_3105,17_3522,688
281,17_3105,17_3523,173
282,17_3105,17_3524,179
283,17_3105,17_3525,142
284,17_3105,17_3526,42
285,17_3105,17_3527,44
286,17_3105,17_3528,1
287,17_3105,17_3530,40
288,17_3105,17_3531,1
289,17_3105,17_3601,32
290,17_3105,17_3602,175
291,17_3105,17_3700,7333
292,17_3106,17_3005,8911
293,17_3106,17_3007,5877
294,17_3106,17_3008,1262
295,17_3106,17_3009,2810
296,17_3106,17_3102,6060
297,17_3106,17_3105,11012
298,17_3106,17_3106,16112
299,17_3106,17_3107,3786
300,17_3106,17_3108,664
301,17_3106,17_3202,30639
302,17_3106,17_3203,21914
303,17_3106,17_3204,20638
304,17_3106,17_3205,34608
305,17_3106,17_3207,22986
306,17_3106,17_3208,17974
307,17_3106,17_3209,27221
308,17_3106,17_3308,635
309,17_3106,17_3309,65
310,17_3106,17_3310,1174
311,17_3106,17_3401,1646
312,17_3106,17_3407,13576
313,17_3106,17_3408,379
314,17_3106,17_3409,4236
315,17_3106,17_3410,4509
316,17_3106,17_3411,425
317,17_3106,17_3412,110
318,17_3106,17_3413,66
319,17_3106,17_3414,131
320,17_3106,17_3415,1786
321,17_3106,17_3416,3299
322,17_3106,17_3417,3247
323,17_3106,17_3418,4809
324,17_3106,17_3419,8036
325,17_3106,17_3420,7856
326,17_3106,17_3421,3290
327,17_3106,17_3422,12834
328,17_3106,17_3501,1
329,17_3106,17_3502,3
330,17_3106,17_3503,348
331,17_3106,17_3504,1352
332,17_3106,17_3520,1803
333,17_3106,17_3521,336
334,17_3106,17_3522,246
335,17_3106,17_3523,121
336,17_3106,17_3524,36
337,17_3106,17_3525,23
338,17_3106,17_3526,32
339,17_3106,17_3527,70
340,17_3106,17_3528,1
341,17_3106,17_3530,41
342,17_3106,17_3531,1
343,17_3106,17_3601,86
344,17_3106,17_3602,488
345,17_3106,17_3700,5482
346,17_3107,17_3005,12432
347,17_3107,17_3007,2900
348,17_3107,17_3008,548
349,17_3107,17_3009,2474
350,17_3107,17_3102,5905
351,17_3107,17_3105,8235
352,17_3107,17_3106,8966
353,17_3107,17_3107,5358
354,17_3107,17_3108,2072
355,17_3107,17_3202,6212
356,17_3107,17_3203,5574
357,17_3107,17_3204,7213
358,17_3107,17_3205,8915
359,17_3107,17_3207,5283
360,17_3107,17_3208,4806
361,17_3107,17_3209,11042
362,17_3107,17_3308,106
363,17_3107,17_3310,273
364,17_3107,17_3401,503
365,17_3107,17_3407,5977
366,17_3107,17_3408,675
367,17_3107,17_3409,5360
368,17_3107,17_3410,5338
369,17_3107,17_3411,5521
370,17_3107,17_3412,4857
371,17_3107,17_3413,8480
372,17_3107,17_3414,6618
373,17_3107,17_3415,480
374,17_3107,17_3416,875
375,17_3107,17_3417,949
376,17_3107,17_3418,1405
377,17_3107,17_3419,2285
378,17_3107,17_3420,3941
379,17_3107,17_3421,1878
380,17_3107,17_3422,4645
381,17_3107,17_3501,128
382,17_3107,17_3502,194
383,17_3107,17_3503,520
384,17_3107,17_3504,1186
385,17_3107,17_3520,1466
386,17_3107,17_3521,1555
387,17_3107,17_3522,636
388,17_3107,17_3523,540
389,17_3107,17_3524,666
390,17_3107,17_3525,386
391,17_3107,17_3526,1271
392,17_3107,17_3527,2606
393,17_3107,17_3528,8494
394,17_3107,17_3529,11453
395,17_3107,17_3530,5946
396,17_3107,17_3531,15502
397,17_3107,17_3532,15481
398,17_3107,17_3602,24
399,17_3107,17_3700,7257
400,17_3108,17_3005,3697
401,17_3108,17_3007,582
402,17_3108,17_3008,51
403,17_3108,17_3009,639
404,17_3108,17_3102,4645
405,17_3108,17_3105,4438
406,17_3108,17_3106,3825
407,17_3108,17_3107,5199
408,17_3108,17_3108,5492
409,17_3108,17_3202,1173
410,17_3108,17_3203,1324
411,17_3108,17_3204,3049
412,17_3108,17_3205,1954
413,17_3108,17_3207,1202
414,17_3108,17_3208,734
415,17_3108,17_3209,3191
416,17_3108,17_3401,9
417,17_3108,17_3407,3147
418,17_3108,17_3408,1192
419,17_3108,17_3409,3835
420,17_3108,17_3410,5246
421,17_3108,17_3411,4511
422,17_3108,17_3412,8904
423,17_3108,17_3413,17427
424,17_3108,17_3414,17119
425,17_3108,17_3416,6
426,17_3108,17_3417,96
427,17_3108,17_3418,119
428,17_3108,17_3419,270
429,17_3108,17_3420,647
430,17_3108,17_3421,268
431,17_3108,17_3422,1846
432,17_3108,17_3501,53
433,17_3108,17_3502,171
434,17_3108,17_3503,334
435,17_3108,17_3504,399
436,17_3108,17_3520,486
437,17_3108,17_3521,1016
438,17_3108,17_3522,312
439,17_3108,17_3523,893
440,17_3108,17_3524,613
441,17_3108,17_3525,220
442,17_3108,17_3526,1164
443,17_3108,17_3527,1682
444,17_3108,17_3528,1629
445,17_3108,17_3529,1174
446,17_3108,17_3530,2219
447,17_3108,17_3531,2407
448,17_3108,17_3532,7766
449,17_3108,17_3700,2941
450,17_3202,17_3005,13138
451,17_3202,17_3007,21033
452,17_3202,17_3008,6072
453,17_3202,17_3009,10758
454,17_3202,17_3102,84
455,17_3202,17_3105,554
456,17_3202,17_3106,1469
457,17_3202,17_3107,69
458,17_3202,17_3108,26
459,17_3202,17_3202,10577
460,17_3202,17_3203,4917
461,17_3202,17_3204,3345
462,17_3202,17_3205,9161
463,17_3202,17_3207,20760
464,17_3202,17_3208,22276
465,17_3202,17_3209,11915
466,17_3202,17_3306,822
467,17_3202,17_3307,564
468,17_3202,17_3308,2971
469,17_3202,17_3309,3058
470,17_3202,17_3310,3217
471,17_3202,17_3401,3256
472,17_3202,17_3407,3518
473,17_3202,17_3408,92
474,17_3202,17_3409,1300
475,17_3202,17_3410,270
476,17_3202,17_3411,80
477,17_3202,17_3412,30
478,17_3202,17_3413,20
479,17_3202,17_3414,21
480,17_3202,17_3415,2402
481,17_3202,17_3416,4227
482,17_3202,17_3417,12280
483,17_3202,17_3418,15173
484,17_3202,17_3419,12408
485,17_3202,17_3420,7838
486,17_3202,17_3421,5100
487,17_3202,17_3422,4879
488,17_3202,17_3501,169
489,17_3202,17_3503,345
490,17_3202,17_3504,168
491,17_3202,17_3520,107
492,17_3202,17_3521,102
493,17_3202,17_3523,91
494,17_3202,17_3524,5
495,17_3202,17_3527,48
496,17_3202,17_3530,303
497,17_3202,17_3532,3
498,17_3202,17_3601,375
499,17_3202,17_3602,1620
500,17_3202,17_3700,1566
501,17_3203,17_3005,7164
502,17_3203,17_3007,8568
503,17_3203,17_3008,2392
504,17_3203,17_3009,3190
505,17_3203,17_3102,1958
506,17_3203,17_3105,2799
507,17_3203,17_3106,4179
508,17_3203,17_3107,785
509,17_3203,17_3108,212
510,17_3203,17_3202,16460
511,17_3203,17_3203,8855
512,17_3203,17_3204,5424
513,17_3203,17_3205,13080
514,17_3203,17_3207,17103
515,17_3203,17_3208,16878
516,17_3203,17_3209,13671
517,17_3203,17_3306,235
518,17_3203,17_3307,69
519,17_3203,17_3308,1639
520,17_3203,17_3309,1008
521,17_3203,17_3310,2528
522,17_3203,17_3401,1601
523,17_3203,17_3407,4611
524,17_3203,17_3408,176
525,17_3203,17_3409,1394
526,17_3203,17_3410,1164
527,17_3203,17_3411,241
528,17_3203,17_3412,33
529,17_3203,17_3413,25
530,17_3203,17_3414,25
531,17_3203,17_3415,2042
532,17_3203,17_3416,4071
533,17_3203,17_3417,11329
534,17_3203,17_3418,12021
535,17_3203,17_3419,12512
536,17_3203,17_3420,7276
537,17_3203,17_3421,2591
538,17_3203,17_3422,5277
539,17_3203,17_3501,16
540,17_3203,17_3502,16
541,17_3203,17_3503,125
542,17_3203,17_3504,624
543,17_3203,17_3520,277
544,17_3203,17_3521,61
545,17_3203,17_3522,52
546,17_3203,17_3523,23
547,17_3203,17_3527,27
548,17_3203,17_3530,14
549,17_3203,17_3601,154
550,17_3203,17_3602,823
551,17_3203,17_3700,1608
552,17_3204,17_3005,6114
553,17_3204,17_3007,4644
554,17_3204,17_3008,1908
555,17_3204,17_3009,2189
556,17_3204,17_3102,2308
557,17_3204,17_3105,5827
558,17_3204,17_3106,10514
559,17_3204,17_3107,3154
560,17_3204,17_3108,454
561,17_3204,17_3202,18557
562,17_3204,17_3203,14034
563,17_3204,17_3204,19756
564,17_3204,17_3205,34742
565,17_3204,17_3207,36043
566,17_3204,17_3208,18092
567,17_3204,17_3209,9572
568,17_3204,17_3306,154
569,17_3204,17_3307,225
570,17_3204,17_3308,1437
571,17_3204,17_3309,1149
572,17_3204,17_3310,2647
573,17_3204,17_3401,2751
574,17_3204,17_3407,12984
575,17_3204,17_3408,1477
576,17_3204,17_3409,5142
577,17_3204,17_3410,4067
578,17_3204,17_3411,570
579,17_3204,17_3412,100
580,17_3204,17_3413,66
581,17_3204,17_3414,111
582,17_3204,17_3415,2542
583,17_3204,17_3416,3145
584,17_3204,17_3417,5243
585,17_3204,17_3418,9662
586,17_3204,17_3419,27976
587,17_3204,17_3420,16462
588,17_3204,17_3421,2070
589,17_3204,17_3422,18476
590,17_3204,17_3501,17
591,17_3204,17_3502,304
592,17_3204,17_3503,237
593,17_3204,17_3504,982
594,17_3204,17_3520,1218
595,17_3204,17_3521,436
596,17_3204,17_3522,314
597,17_3204,17_3523,466
598,17_3204,17_3524,1338
599,17_3204,17_3525,425
600,17_3204,17_3526,1539
601,17_3204,17_3527,1037
602,17_3204,17_3528,1199
603,17_3204,17_3529,1306
604,17_3204,17_3530,177
605,17_3204,17_3531,115
606,17_3204,17_3532,24
607,17_3204,17_3601,302
608,17_3204,17_3602,1099
609,17_3204,17_3700,2323
610,17_3205,17_3005,8571
611,17_3205,17_3007,16857
612,17_3205,17_3008,7020
613,17_3205,17_3009,7356
614,17_3205,17_3102,341
615,17_3205,17_3105,1680
616,17_3205,17_3106,3611
617,17_3205,17_3107,319
618,17_3205,17_3108,13
619,17_3205,17_3202,14747
620,17_3205,17_3203,5606
621,17_3205,17_3204,5921
622,17_3205,17_3205,16653
623,17_3205,17_3207,37025
624,17_3205,17_3208,36869
625,17_3205,17_3209,9015
626,17_3205,17_3306,713
627,17_3205,17_3307,1195
628,17_3205,17_3308,2534
629,17_3205,17_3309,2756
630,17_3205,17_3310,3204
631,17_3205,17_3401,4175
632,17_3205,17_3407,6363
633,17_3205,17_3408,510
634,17_3205,17_3409,1831
635,17_3205,17_3410,627
636,17_3205,17_3411,28
637,17_3205,17_3412,39
638,17_3205,17_3413,21
639,17_3205,17_3414,23
640,17_3205,17_3415,2987
641,17_3205,17_3416,2536
642,17_3205,17_3417,13106
643,17_3205,17_3418,20628
644,17_3205,17_3419,25956
645,17_3205,17_3420,10874
646,17_3205,17_3421,1444
647,17_3205,17_3422,10352
648,17_3205,17_3501,124
649,17_3205,17_3502,501
650,17_3205,17_3503,873
651,17_3205,17_3504,876
652,17_3205,17_3520,328
653,17_3205,17_3521,448
654,17_3205,17_3522,506
655,17_3205,17_3523,625
656,17_3205,17_3524,194
657,17_3205,17_3525,150
658,17_3205,17_3526,72
659,17_3205,17_3527,132
660,17_3205,17_3528,4
661,17_3205,17_3529,9
662,17_3205,17_3532,4
663,17_3205,17_3601,385
664,17_3205,17_3602,1397
665,17_3205,17_3700,1634
666,17_3207,17_3005,8211
667,17_3207,17_3007,30121
668,17_3207,17_3008,17724
669,17_3207,17_3009,13549
670,17_3207,17_3102,314
671,17_3207,17_3105,1821
672,17_3207,17_3106,4038
673,17_3207,17_3107,435
674,17_3207,17_3108,20
675,17_3207,17_3202,10470
676,17_3207,17_3203,5141
677,17_3207,17_3204,5044
678,17_3207,17_3205,10676
679,17_3207,17_3207,33525
680,17_3207,17_3208,27275
681,17_3207,17_3209,10473
682,17_3207,17_3306,2165
683,17_3207,17_3307,3529
684,17_3207,17_3308,4622
685,17_3207,17_3309,6040
686,17_3207,17_3310,7316
687,17_3207,17_3401,4715
688,17_3207,17_3407,4104
689,17_3207,17_3408,275
690,17_3207,17_3409,1574
691,17_3207,17_3410,918
692,17_3207,17_3411,118
693,17_3207,17_3412,137
694,17_3207,17_3413,284
695,17_3207,17_3414,53
696,17_3207,17_3415,6072
697,17_3207,17_3416,14429
698,17_3207,17_3417,13741
699,17_3207,17_3418,12117
700,17_3207,17_3419,20830
701,17_3207,17_3420,18833
702,17_3207,17_3421,15913
703,17_3207,17_3422,15117
704,17_3207,17_3501,445
705,17_3207,17_3502,30
706,17_3207,17_3503,882
707,17_3207,17_3504,1303
708,17_3207,17_3520,1182
709,17_3207,17_3521,308
710,17_3207,17_3522,535
711,17_3207,17_3523,63
712,17_3207,17_3524,212
713,17_3207,17_3525,129
714,17_3207,17_3526,130
715,17_3207,17_3527,37
716,17_3207,17_3528,5
717,17_3207,17_3529,7
718,17_3207,17_3530,5
719,17_3207,17_3531,5
720,17_3207,17_3532,11
721,17_3207,17_3601,989
722,17_3207,17_3602,4034
723,17_3207,17_3700,1691
724,17_3208,17_3005,9013
725,17_3208,17_3007,23997
726,17_3208,17_3008,8441
727,17_3208,17_3009,11824
728,17_3208,17_3102,81
729,17_3208,17_3105,343
730,17_3208,17_3106,439
731,17_3208,17_3107,42
732,17_3208,17_3108,49
733,17_3208,17_3202,8544
734,17_3208,17_3203,3028
735,17_3208,17_3204,1823
736,17_3208,17_3205,6383
737,17_3208,17_3207,18877
738,17_3208,17_3208,24279
739,17_3208,17_3209,9271
740,17_3208,17_3306,2261
741,17_3208,17_3307,3599
742,17_3208,17_3308,4131
743,17_3208,17_3309,8345
744,17_3208,17_3310,10238
745,17_3208,17_3401,4366
746,17_3208,17_3407,2132
747,17_3208,17_3408,83
748,17_3208,17_3409,796
749,17_3208,17_3410,301
750,17_3208,17_3411,52
751,17_3208,17_3412,24
752,17_3208,17_3413,20
753,17_3208,17_3414,22
754,17_3208,17_3415,6772
755,17_3208,17_3416,20734
756,17_3208,17_3417,9917
757,17_3208,17_3418,9560
758,17_3208,17_3419,8838
759,17_3208,17_3420,17770
760,17_3208,17_3421,24795
761,17_3208,17_3422,5372
762,17_3208,17_3501,1202
763,17_3208,17_3502,120
764,17_3208,17_3503,1954
765,17_3208,17_3504,1277
766,17_3208,17_3520,831
767,17_3208,17_3521,260
768,17_3208,17_3522,390
769,17_3208,17_3523,32
770,17_3208,17_3524,5
771,17_3208,17_3527,7
772,17_3208,17_3528,127
773,17_3208,17_3529,127
774,17_3208,17_3532,2
775,17_3208,17_3601,1464
776,17_3208,17_3602,4306
777,17_3208,17_3700,876
778,17_3209,17_3005,16280
779,17_3209,17_3007,22437
780,17_3209,17_3008,5003
781,17_3209,17_3009,7308
782,17_3209,17_3102,2409
783,17_3209,17_3105,4938
784,17_3209,17_3106,5884
785,17_3209,17_3107,637
786,17_3209,17_3108,270
787,17_3209,17_3202,23066
788,17_3209,17_3203,9172
789,17_3209,17_3204,4703
790,17_3209,17_3205,10467
791,17_3209,17_3207,22183
792,17_3209,17_3208,31061
793,17_3209,17_3209,25772
794,17_3209,17_3306,460
795,17_3209,17_3307,154
796,17_3209,17_3308,2221
797,17_3209,17_3309,1508
798,17_3209,17_3310,4955
799,17_3209,17_3401,2499
800,17_3209,17_3407,4852
801,17_3209,17_3408,85
802,17_3209,17_3409,1603
803,17_3209,17_3410,801
804,17_3209,17_3411,96
805,17_3209,17_3412,39
806,17_3209,17_3413,14
807,17_3209,17_3414,10
808,17_3209,17_3415,4557
809,17_3209,17_3416,8020
810,17_3209,17_3417,14241
811,17_3209,17_3418,9059
812,17_3209,17_3419,6476
813,17_3209,17_3420,7637
814,17_3209,17_3421,3861
815,17_3209,17_3422,9551
816,17_3209,17_3501,36
817,17_3209,17_3503,71
818,17_3209,17_3504,471
819,17_3209,17_3520,327
820,17_3209,17_3521,18
821,17_3209,17_3522,110
822,17_3209,17_3523,69
823,17_3209,17_3524,33
824,17_3209,17_3525,21
825,17_3209,17_3526,21
826,17_3209,17_3527,24
827,17_3209,17_3528,289
828,17_3209,17_3529,188
829,17_3209,17_3530,31
830,17_3209,17_3532,3
831,17_3209,17_3601,273
832,17_3209,17_3602,1607
833,17_3209,17_3700,4333
834,17_3306,17_3007,126
835,17_3306,17_3008,4179
836,17_3306,17_3009,700
837,17_3306,17_3207,110
838,17_3306,17_3208,6
839,17_3306,17_3306,7544
840,17_3306,17_3307,2776
841,17_3306,17_3308,5119
842,17_3306,17_3309,6357
843,17_3306,17_3310,1201
844,17_3306,17_3401,1698
845,17_3306,17_3415,544
846,17_3306,17_3416,487
847,17_3306,17_3417,1000
848,17_3306,17_3418,233
849,17_3306,17_3419,383
850,17_3306,17_3420,162
851,17_3306,17_3421,11
852,17_3306,17_3422,223
853,17_3306,17_3601,2196
854,17_3306,17_3602,6068
855,17_3307,17_3007,849
856,17_3307,17_3008,21867
857,17_3307,17_3009,3852
858,17_3307,17_3202,27
859,17_3307,17_3205,95
860,17_3307,17_3207,352
861,17_3307,17_3208,98
862,17_3307,17_3306,7727
863,17_3307,17_3307,16868
864,17_3307,17_3308,20342
865,17_3307,17_3309,21146
866,17_3307,17_3310,10973
867,17_3307,17_3401,10463
868,17_3307,17_3407,2
869,17_3307,17_3415,4347
870,17_3307,17_3416,3952
871,17_3307,17_3417,9121
872,17_3307,17_3418,3352
873,17_3307,17_3419,2692
874,17_3307,17_3420,2124
875,17_3307,17_3421,1545
876,17_3307,17_3422,196
877,17_3307,17_3503,12
878,17_3307,17_3504,31
879,17_3307,17_3520,31
880,17_3307,17_3521,51
881,17_3307,17_3523,105
882,17_3307,17_3524,54
883,17_3307,17_3601,4206
884,17_3307,17_3602,18735
885,17_3308,17_3005,3
886,17_3308,17_3007,314
887,17_3308,17_3008,4008
888,17_3308,17_3009,1025
889,17_3308,17_3202,12
890,17_3308,17_3203,2
891,17_3308,17_3204,11
892,17_3308,17_3205,23
893,17_3308,17_3207,763
894,17_3308,17_3208,114
895,17_3308,17_3306,12413
896,17_3308,17_3307,3426
897,17_3308,17_3308,11036
898,17_3308,17_3309,10248
899,17_3308,17_3310,4979
900,17_3308,17_3401,5902
901,17_3308,17_3415,4247
902,17_3308,17_3416,1260
903,17_3308,17_3417,2518
904,17_3308,17_3418,1621
905,17_3308,17_3419,3132
906,17_3308,17_3420,1141
907,17_3308,17_3421,80
908,17_3308,17_3422,516
909,17_3308,17_3504,59
910,17_3308,17_3529,34
911,17_3308,17_3601,3511
912,17_3308,17_3602,9760
913,17_3309,17_3007,427
914,17_3309,17_3008,12934
915,17_3309,17_3009,2732
916,17_3309,17_3202,35
917,17_3309,17_3205,103
918,17_3309,17_3207,523
919,17_3309,17_3208,241
920,17_3309,17_3306,10768
921,17_3309,17_3307,13128
922,17_3309,17_3308,17926
923,17_3309,17_3309,24071
924,17_3309,17_3310,14946
925,17_3309,17_3401,10222
926,17_3309,17_3415,6207
927,17_3309,17_3416,3547
928,17_3309,17_3417,5625
929,17_3309,17_3418,2460
930,17_3309,17_3419,3393
931,17_3309,17_3420,1858
932,17_3309,17_3421,1603
933,17_3309,17_3422,376
934,17_3309,17_3504,38
935,17_3309,17_3521,2
936,17_3309,17_3523,14
937,17_3309,17_3524,12
938,17_3309,17_3601,5229
939,17_3309,17_3602,16260
940,17_3310,17_3005,3
941,17_3310,17_3007,546
942,17_3310,17_3008,10327
943,17_3310,17_3009,2523
944,17_3310,17_3106,2
945,17_3310,17_3202,23
946,17_3310,17_3203,47
947,17_3310,17_3204,1
948,17_3310,17_3205,16
949,17_3310,17_3207,568
950,17_3310,17_3208,206
951,17_3310,17_3209,46
952,17_3310,17_3306,13279
953,17_3310,17_3307,7944
954,17_3310,17_3308,14907
955,17_3310,17_3309,20034
956,17_3310,17_3310,19253
957,17_3310,17_3401,10948
958,17_3310,17_3415,10492
959,17_3310,17_3416,7032
960,17_3310,17_3417,5449
961,17_3310,17_3418,2460
962,17_3310,17_3419,4399
963,17_3310,17_3420,1591
964,17_3310,17_3421,1837
965,17_3310,17_3422,324
966,17_3310,17_3501,24
967,17_3310,17_3504,102
968,17_3310,17_3520,8
969,17_3310,17_3601,4264
970,17_3310,17_3602,11159
971,17_3401,17_3005,6
972,17_3401,17_3007,486
973,17_3401,17_3008,9723
974,17_3401,17_3009,2146
975,17_3401,17_3202,209
976,17_3401,17_3203,105
977,17_3401,17_3204,148
978,17_3401,17_3205,403
979,17_3401,17_3207,1492
980,17_3401,17_3208,486
981,17_3401,17_3306,24474
982,17_3401,17_3307,9615
983,17_3401,17_3308,15341
984,17_3401,17_3309,18670
985,17_3401,17_3310,5903
986,17_3401,17_3401,14424
987,17_3401,17_3407,60
988,17_3401,17_3409,16
989,17_3401,17_3415,9257
990,17_3401,17_3416,2879
991,17_3401,17_3417,6473
992,17_3401,17_3418,4838
993,17_3401,17_3419,9140
994,17_3401,17_3420,2555
995,17_3401,17_3421,552
996,17_3401,17_3422,723
997,17_3401,17_3503,38
998,17_3401,17_3504,83
999,17_3401,17_3522,76
1000,17_3401,17_3527,8
1001,17_3401,17_3529,21
1002,17_3401,17_3601,7725
1003,17_3401,17_3602,20330
1004,17_3407,17_3005,3102
1005,17_3407,17_3007,7062
1006,17_3407,17_3008,3240
1007,17_3407,17_3009,2607
1008,17_3407,17_3102,8546
1009,17_3407,17_3105,17334
1010,17_3407,17_3106,13541
1011,17_3407,17_3107,2994
1012,17_3407,17_3108,492
1013,17_3407,17_3202,9028
1014,17_3407,17_3203,5186
1015,17_3407,17_3204,9687
1016,17_3407,17_3205,10006
1017,17_3407,17_3207,17819
1018,17_3407,17_3208,17970
1019,17_3407,17_3209,4507
1020,17_3407,17_3306,250
1021,17_3407,17_3307,656
1022,17_3407,17_3308,966
1023,17_3407,17_3309,1084
1024,17_3407,17_3310,2308
1025,17_3407,17_3401,2796
1026,17_3407,17_3407,27257
1027,17_3407,17_3408,20367
1028,17_3407,17_3409,8781
1029,17_3407,17_3410,4097
1030,17_3407,17_3411,138
1031,17_3407,17_3412,61
1032,17_3407,17_3413,252
1033,17_3407,17_3414,68
1034,17_3407,17_3415,2264
1035,17_3407,17_3416,2324
1036,17_3407,17_3417,7546
1037,17_3407,17_3418,10674
1038,17_3407,17_3419,14631
1039,17_3407,17_3420,9651
1040,17_3407,17_3421,10468
1041,17_3407,17_3422,14444
1042,17_3407,17_3501,34665
1043,17_3407,17_3502,55670
1044,17_3407,17_3503,42176
1045,17_3407,17_3504,24289
1046,17_3407,17_3520,11542
1047,17_3407,17_3521,30045
1048,17_3407,17_3522,40172
1049,17_3407,17_3523,18731
1050,17_3407,17_3524,29368
1051,17_3407,17_3525,26785
1052,17_3407,17_3526,3521
1053,17_3407,17_3527,5625
1054,17_3407,17_3528,810
1055,17_3407,17_3529,1025
1056,17_3407,17_3530,201
1057,17_3407,17_3531,129
1058,17_3407,17_3532,56
1059,17_3407,17_3601,145
1060,17_3407,17_3602,549
1061,17_3407,17_3700,3343
1062,17_3408,17_3005,563
1063,17_3408,17_3007,826
1064,17_3408,17_3008,227
1065,17_3408,17_3009,287
1066,17_3408,17_3102,4616
1067,17_3408,17_3105,6557
1068,17_3408,17_3106,5124
1069,17_3408,17_3107,2442
1070,17_3408,17_3108,348
1071,17_3408,17_3202,1650
1072,17_3408,17_3203,1526
1073,17_3408,17_3204,3308
1074,17_3408,17_3205,3001
1075,17_3408,17_3207,4629
1076,17_3408,17_3208,1963
1077,17_3408,17_3209,1393
1078,17_3408,17_3307,139
1079,17_3408,17_3308,56
1080,17_3408,17_3309,328
1081,17_3408,17_3310,934
1082,17_3408,17_3401,351
1083,17_3408,17_3407,43505
1084,17_3408,17_3408,28789
1085,17_3408,17_3409,9228
1086,17_3408,17_3410,2349
1087,17_3408,17_3411,243
1088,17_3408,17_3412,146
1089,17_3408,17_3413,48
1090,17_3408,17_3414,52
1091,17_3408,17_3415,552
1092,17_3408,17_3416,863
1093,17_3408,17_3417,675
1094,17_3408,17_3418,800
1095,17_3408,17_3419,3040
1096,17_3408,17_3420,8756
1097,17_3408,17_3421,16054
1098,17_3408,17_3422,14025
1099,17_3408,17_3501,32246
1100,17_3408,17_3502,80158
1101,17_3408,17_3503,49740
1102,17_3408,17_3504,25646
1103,17_3408,17_3520,10908
1104,17_3408,17_3521,33929
1105,17_3408,17_3522,56265
1106,17_3408,17_3523,27896
1107,17_3408,17_3524,46459
1108,17_3408,17_3525,43950
1109,17_3408,17_3526,5817
1110,17_3408,17_3527,6870
1111,17_3408,17_3528,1005
1112,17_3408,17_3529,1772
1113,17_3408,17_3530,241
1114,17_3408,17_3531,125
1115,17_3408,17_3532,191
1116,17_3408,17_3602,29
1117,17_3408,17_3700,829
1118,17_3409,17_3005,2842
1119,17_3409,17_3007,2780
1120,17_3409,17_3008,761
1121,17_3409,17_3009,1392
1122,17_3409,17_3102,856
1123,17_3409,17_3105,2239
1124,17_3409,17_3106,4482
1125,17_3409,17_3107,1860
1126,17_3409,17_3108,506
1127,17_3409,17_3202,5935
1128,17_3409,17_3203,3966
1129,17_3409,17_3204,7506
1130,17_3409,17_3205,12228
1131,17_3409,17_3207,10919
1132,17_3409,17_3208,6311
1133,17_3409,17_3209,4047
1134,17_3409,17_3306,21
1135,17_3409,17_3307,67
1136,17_3409,17_3308,324
1137,17_3409,17_3309,379
1138,17_3409,17_3310,1136
1139,17_3409,17_3401,1130
1140,17_3409,17_3407,46021
1141,17_3409,17_3408,38625
1142,17_3409,17_3409,12785
1143,17_3409,17_3410,4436
1144,17_3409,17_3411,7863
1145,17_3409,17_3412,1472
1146,17_3409,17_3413,649
1147,17_3409,17_3414,327
1148,17_3409,17_3415,1272
1149,17_3409,17_3416,1683
1150,17_3409,17_3417,1975
1151,17_3409,17_3418,2259
1152,17_3409,17_3419,7264
1153,17_3409,17_3420,5825
1154,17_3409,17_3421,2859
1155,17_3409,17_3422,10511
1156,17_3409,17_3501,7492
1157,17_3409,17_3502,18405
1158,17_3409,17_3503,8912
1159,17_3409,17_3504,3607
1160,17_3409,17_3520,2176
1161,17_3409,17_3521,23273
1162,17_3409,17_3522,11519
1163,17_3409,17_3523,27095
1164,17_3409,17_3524,31157
1165,17_3409,17_3525,20247
1166,17_3409,17_3526,43923
1167,17_3409,17_3527,33358
1168,17_3409,17_3528,38008
1169,17_3409,17_3529,19350
1170,17_3409,17_3530,6449
1171,17_3409,17_3531,4584
1172,17_3409,17_3532,2393
1173,17_3409,17_3601,52
1174,17_3409,17_3602,229
1175,17_3409,17_3700,1580
1176,17_3410,17_3005,7165
1177,17_3410,17_3007,3021
1178,17_3410,17_3008,747
1179,17_3410,17_3009,1848
1180,17_3410,17_3102,3549
1181,17_3410,17_3105,6554
1182,17_3410,17_3106,8547
1183,17_3410,17_3107,4317
1184,17_3410,17_3108,758
1185,17_3410,17_3202,8347
1186,17_3410,17_3203,7025
1187,17_3410,17_3204,10157
1188,17_3410,17_3205,12390
1189,17_3410,17_3207,7655
1190,17_3410,17_3208,5894
1191,17_3410,17_3209,9041
1192,17_3410,17_3308,215
1193,17_3410,17_3309,112
1194,17_3410,17_3310,633
1195,17_3410,17_3401,800
1196,17_3410,17_3407,7960
1197,17_3410,17_3408,3045
1198,17_3410,17_3409,10371
1199,17_3410,17_3410,9194
1200,17_3410,17_3411,12233
1201,17_3410,17_3412,5383
1202,17_3410,17_3413,5667
1203,17_3410,17_3414,2924
1204,17_3410,17_3415,807
1205,17_3410,17_3416,1559
1206,17_3410,17_3417,1642
1207,17_3410,17_3418,1997
1208,17_3410,17_3419,2774
1209,17_3410,17_3420,3342
1210,17_3410,17_3421,1956
1211,17_3410,17_3422,5220
1212,17_3410,17_3501,275
1213,17_3410,17_3502,1771
1214,17_3410,17_3503,534
1215,17_3410,17_3504,1024
1216,17_3410,17_3520,1334
1217,17_3410,17_3521,1152
1218,17_3410,17_3522,1563
1219,17_3410,17_3523,4140
1220,17_3410,17_3524,11578
1221,17_3410,17_3525,7158
1222,17_3410,17_3526,24361
1223,17_3410,17_3527,16329
1224,17_3410,17_3528,36952
1225,17_3410,17_3529,31737
1226,17_3410,17_3530,13343
1227,17_3410,17_3531,24329
1228,17_3410,17_3532,16723
1229,17_3410,17_3601,1
1230,17_3410,17_3602,69
1231,17_3410,17_3700,4415
1232,17_3411,17_3005,2326
1233,17_3411,17_3007,1785
1234,17_3411,17_3008,271
1235,17_3411,17_3009,774
1236,17_3411,17_3102,1234
1237,17_3411,17_3105,2931
1238,17_3411,17_3106,4343
1239,17_3411,17_3107,4415
1240,17_3411,17_3108,569
1241,17_3411,17_3202,2014
1242,17_3411,17_3203,2576
1243,17_3411,17_3204,5735
1244,17_3411,17_3205,3239
1245,17_3411,17_3207,2732
1246,17_3411,17_3208,2226
1247,17_3411,17_3209,3395
1248,17_3411,17_3308,6
1249,17_3411,17_3309,33
1250,17_3411,17_3310,302
1251,17_3411,17_3401,91
1252,17_3411,17_3407,4028
1253,17_3411,17_3408,3102
1254,17_3411,17_3409,17313
1255,17_3411,17_3410,13155
1256,17_3411,17_3411,34528
1257,17_3411,17_3412,10190
1258,17_3411,17_3413,7440
1259,17_3411,17_3414,2922
1260,17_3411,17_3415,152
1261,17_3411,17_3416,790
1262,17_3411,17_3417,975
1263,17_3411,17_3418,1244
1264,17_3411,17_3419,1520
1265,17_3411,17_3420,1486
1266,17_3411,17_3421,1138
1267,17_3411,17_3422,1543
1268,17_3411,17_3501,227
1269,17_3411,17_3502,1693
1270,17_3411,17_3503,1009
1271,17_3411,17_3504,802
1272,17_3411,17_3520,478
1273,17_3411,17_3521,1655
1274,17_3411,17_3522,1529
1275,17_3411,17_3523,10996
1276,17_3411,17_3524,18726
1277,17_3411,17_3525,12600
1278,17_3411,17_3526,46291
1279,17_3411,17_3527,26692
1280,17_3411,17_3528,93541
1281,17_3411,17_3529,69656
1282,17_3411,17_3530,41446
1283,17_3411,17_3531,64423
1284,17_3411,17_3532,25849
1285,17_3411,17_3700,1744
1286,17_3412,17_3005,1335
1287,17_3412,17_3007,743
1288,17_3412,17_3008,40
1289,17_3412,17_3009,317
1290,17_3412,17_3102,2012
1291,17_3412,17_3105,3519
1292,17_3412,17_3106,3828
1293,17_3412,17_3107,4119
1294,17_3412,17_3108,703
1295,17_3412,17_3202,1920
1296,17_3412,17_3203,2071
1297,17_3412,17_3204,3470
1298,17_3412,17_3205,2148
1299,17_3412,17_3207,2218
1300,17_3412,17_3208,2508
1301,17_3412,17_3209,2495
1302,17_3412,17_3308,6
1303,17_3412,17_3310,11
1304,17_3412,17_3401,44
1305,17_3412,17_3407,1779
1306,17_3412,17_3408,638
1307,17_3412,17_3409,6087
1308,17_3412,17_3410,8773
1309,17_3412,17_3411,22605
1310,17_3412,17_3412,9194
1311,17_3412,17_3413,12920
1312,17_3412,17_3414,6229
1313,17_3412,17_3415,38
1314,17_3412,17_3416,99
1315,17_3412,17_3417,776
1316,17_3412,17_3418,950
1317,17_3412,17_3419,839
1318,17_3412,17_3420,1675
1319,17_3412,17_3421,756
1320,17_3412,17_3422,1689
1321,17_3412,17_3501,46
1322,17_3412,17_3502,83
1323,17_3412,17_3503,339
1324,17_3412,17_3504,663
1325,17_3412,17_3520,769
1326,17_3412,17_3521,674
1327,17_3412,17_3522,309
1328,17_3412,17_3523,1774
1329,17_3412,17_3524,1671
1330,17_3412,17_3525,1068
1331,17_3412,17_3526,4632
1332,17_3412,17_3527,3867
1333,17_3412,17_3528,27301
1334,17_3412,17_3529,38349
1335,17_3412,17_3530,28963
1336,17_3412,17_3531,52960
1337,17_3412,17_3532,47971
1338,17_3412,17_3700,1254
1339,17_3413,17_3005,907
1340,17_3413,17_3007,223
1341,17_3413,17_3009,74
1342,17_3413,17_3102,2387
1343,17_3413,17_3105,3323
1344,17_3413,17_3106,3234
1345,17_3413,17_3107,7352
1346,17_3413,17_3108,1069
1347,17_3413,17_3202,1776
1348,17_3413,17_3203,2052
1349,17_3413,17_3204,4527
1350,17_3413,17_3205,1939
1351,17_3413,17_3207,1792
1352,17_3413,17_3208,1352
1353,17_3413,17_3209,1598
1354,17_3413,17_3310,1
1355,17_3413,17_3401,26
1356,17_3413,17_3407,1848
1357,17_3413,17_3408,964
1358,17_3413,17_3409,5946
1359,17_3413,17_3410,14636
1360,17_3413,17_3411,59077
1361,17_3413,17_3412,19781
1362,17_3413,17_3413,23295
1363,17_3413,17_3414,11072
1364,17_3413,17_3415,32
1365,17_3413,17_3416,107
1366,17_3413,17_3417,62
1367,17_3413,17_3418,308
1368,17_3413,17_3419,1161
1369,17_3413,17_3420,1730
1370,17_3413,17_3421,1142
1371,17_3413,17_3422,2125
1372,17_3413,17_3501,160
1373,17_3413,17_3502,268
1374,17_3413,17_3503,565
1375,17_3413,17_3504,1284
1376,17_3413,17_3520,1061
1377,17_3413,17_3521,779
1378,17_3413,17_3522,481
1379,17_3413,17_3523,558
1380,17_3413,17_3524,879
1381,17_3413,17_3525,1435
1382,17_3413,17_3526,2580
1383,17_3413,17_3527,1905
1384,17_3413,17_3528,28397
1385,17_3413,17_3529,33444
1386,17_3413,17_3530,59550
1387,17_3413,17_3531,85592
1388,17_3413,17_3532,92592
1389,17_3413,17_3700,973
1390,17_3414,17_3005,600
1391,17_3414,17_3007,190
1392,17_3414,17_3009,80
1393,17_3414,17_3102,3382
1394,17_3414,17_3105,4210
1395,17_3414,17_3106,3802
1396,17_3414,17_3107,6310
1397,17_3414,17_3108,3757
1398,17_3414,17_3202,1310
1399,17_3414,17_3203,1586
1400,17_3414,17_3204,3313
1401,17_3414,17_3205,2010
1402,17_3414,17_3207,1631
1403,17_3414,17_3208,875
1404,17_3414,17_3209,1550
1405,17_3414,17_3401,6
1406,17_3414,17_3407,3073
1407,17_3414,17_3408,1642
1408,17_3414,17_3409,4983
1409,17_3414,17_3410,12849
1410,17_3414,17_3411,25914
1411,17_3414,17_3412,17245
1412,17_3414,17_3413,26468
1413,17_3414,17_3414,14108
1414,17_3414,17_3415,14
1415,17_3414,17_3416,43
1416,17_3414,17_3417,41
1417,17_3414,17_3418,221
1418,17_3414,17_3419,628
1419,17_3414,17_3420,1868
1420,17_3414,17_3421,822
1421,17_3414,17_3422,2609
1422,17_3414,17_3501,211
1423,17_3414,17_3502,390
1424,17_3414,17_3503,701
1425,17_3414,17_3504,1222
1426,17_3414,17_3520,1152
1427,17_3414,17_3521,1070
1428,17_3414,17_3522,592
1429,17_3414,17_3523,835
1430,17_3414,17_3524,653
1431,17_3414,17_3525,648
1432,17_3414,17_3526,1663
1433,17_3414,17_3527,2608
1434,17_3414,17_3528,11350
1435,17_3414,17_3529,13471
1436,17_3414,17_3530,21574
1437,17_3414,17_3531,29940
1438,17_3414,17_3532,40754
1439,17_3414,17_3700,1268
1440,17_3415,17_3005,18
1441,17_3415,17_3007,614
1442,17_3415,17_3008,13106
1443,17_3415,17_3009,2962
1444,17_3415,17_3202,35
1445,17_3415,17_3205,33
1446,17_3415,17_3207,770
1447,17_3415,17_3208,376
1448,17_3415,17_3306,22620
1449,17_3415,17_3307,9391
1450,17_3415,17_3308,18439
1451,17_3415,17_3309,21000
1452,17_3415,17_3310,12026
1453,17_3415,17_3401,15512
1454,17_3415,17_3407,87
1455,17_3415,17_3408,58
1456,17_3415,17_3415,13715
1457,17_3415,17_3416,8755
1458,17_3415,17_3417,7093
1459,17_3415,17_3418,4019
1460,17_3415,17_3419,7148
1461,17_3415,17_3420,3306
1462,17_3415,17_3421,1638
1463,17_3415,17_3422,412
1464,17_3415,17_3503,147
1465,17_3415,17_3504,121
1466,17_3415,17_3520,6
1467,17_3415,17_3521,116
1468,17_3415,17_3601,6274
1469,17_3415,17_3602,17646
1470,17_3416,17_3005,30
1471,17_3416,17_3007,2148
1472,17_3416,17_3008,13827
1473,17_3416,17_3009,2893
1474,17_3416,17_3202,45
1475,17_3416,17_3203,55
1476,17_3416,17_3204,35
1477,17_3416,17_3205,151
1478,17_3416,17_3207,1184
1479,17_3416,17_3208,676
1480,17_3416,17_3209,165
1481,17_3416,17_3306,9176
1482,17_3416,17_3307,5756
1483,17_3416,17_3308,18586
1484,17_3416,17_3309,17110
1485,17_3416,17_3310,20766
1486,17_3416,17_3401,24438
1487,17_3416,17_3407,102
1488,17_3416,17_3408,55
1489,17_3416,17_3409,6
1490,17_3416,17_3415,20540
1491,17_3416,17_3416,16061
1492,17_3416,17_3417,16930
1493,17_3416,17_3418,12195
1494,17_3416,17_3419,9813
1495,17_3416,17_3420,6745
1496,17_3416,17_3421,3759
1497,17_3416,17_3422,709
1498,17_3416,17_3501,9
1499,17_3416,17_3503,250
1500,17_3416,17_3504,422
1501,17_3416,17_3520,144
1502,17_3416,17_3521,110
1503,17_3416,17_3601,2648
1504,17_3416,17_3602,9900
1505,17_3417,17_3005,2036
1506,17_3417,17_3007,4221
1507,17_3417,17_3008,7314
1508,17_3417,17_3009,2739
1509,17_3417,17_3105,32
1510,17_3417,17_3106,69
1511,17_3417,17_3107,6
1512,17_3417,17_3202,1388
1513,17_3417,17_3203,226
1514,17_3417,17_3204,187
1515,17_3417,17_3205,862
1516,17_3417,17_3207,3167
1517,17_3417,17_3208,4294
1518,17_3417,17_3209,1498
1519,17_3417,17_3306,14836
1520,17_3417,17_3307,8460
1521,17_3417,17_3308,8804
1522,17_3417,17_3309,12344
1523,17_3417,17_3310,10769
1524,17_3417,17_3401,7012
1525,17_3417,17_3407,332
1526,17_3417,17_3409,79
1527,17_3417,17_3410,7
1528,17_3417,17_3411,2
1529,17_3417,17_3415,7704
1530,17_3417,17_3416,15139
1531,17_3417,17_3417,10577
1532,17_3417,17_3418,8675
1533,17_3417,17_3419,7392
1534,17_3417,17_3420,12483
1535,17_3417,17_3421,8862
1536,17_3417,17_3422,952
1537,17_3417,17_3502,122
1538,17_3417,17_3503,484
1539,17_3417,17_3504,831
1540,17_3417,17_3520,572
1541,17_3417,17_3521,94
1542,17_3417,17_3522,160
1543,17_3417,17_3601,4559
1544,17_3417,17_3602,13486
1545,17_3417,17_3700,24
1546,17_3418,17_3005,1182
1547,17_3418,17_3007,3539
1548,17_3418,17_3008,5762
1549,17_3418,17_3009,2098
1550,17_3418,17_3102,1
1551,17_3418,17_3105,14
1552,17_3418,17_3106,85
1553,17_3418,17_3107,8
1554,17_3418,17_3202,2084
1555,17_3418,17_3203,698
1556,17_3418,17_3204,515
1557,17_3418,17_3205,1476
1558,17_3418,17_3207,4554
1559,17_3418,17_3208,6142
1560,17_3418,17_3209,1431
1561,17_3418,17_3306,11822
1562,17_3418,17_3307,5976
1563,17_3418,17_3308,7643
1564,17_3418,17_3309,9393
1565,17_3418,17_3310,7294
1566,17_3418,17_3401,6064
1567,17_3418,17_3407,491
1568,17_3418,17_3409,9
1569,17_3418,17_3410,8
1570,17_3418,17_3411,2
1571,17_3418,17_3415,6392
1572,17_3418,17_3416,15061
1573,17_3418,17_3417,10169
1574,17_3418,17_3418,9839
1575,17_3418,17_3419,7225
1576,17_3418,17_3420,9838
1577,17_3418,17_3421,13953
1578,17_3418,17_3422,928
1579,17_3418,17_3501,247
1580,17_3418,17_3503,480
1581,17_3418,17_3504,606
1582,17_3418,17_3520,397
1583,17_3418,17_3521,94
1584,17_3418,17_3522,46
1585,17_3418,17_3524,13
1586,17_3418,17_3525,13
1587,17_3418,17_3526,13
1588,17_3418,17_3601,4244
1589,17_3418,17_3602,12821
1590,17_3418,17_3700,9
1591,17_3419,17_3005,2774
1592,17_3419,17_3007,8821
1593,17_3419,17_3008,18801
1594,17_3419,17_3009,7187
1595,17_3419,17_3102,179
1596,17_3419,17_3105,692
1597,17_3419,17_3106,2067
1598,17_3419,17_3107,236
1599,17_3419,17_3108,20
1600,17_3419,17_3202,3322
1601,17_3419,17_3203,1812
1602,17_3419,17_3204,2376
1603,17_3419,17_3205,4229
1604,17_3419,17_3207,18069
1605,17_3419,17_3208,7857
1606,17_3419,17_3209,3032
1607,17_3419,17_3306,14446
1608,17_3419,17_3307,8967
1609,17_3419,17_3308,12951
1610,17_3419,17_3309,15905
1611,17_3419,17_3310,6283
1612,17_3419,17_3401,9887
1613,17_3419,17_3407,1655
1614,17_3419,17_3408,64
1615,17_3419,17_3409,315
1616,17_3419,17_3410,258
1617,17_3419,17_3411,2
1618,17_3419,17_3412,12
1619,17_3419,17_3414,1
1620,17_3419,17_3415,7315
1621,17_3419,17_3416,8125
1622,17_3419,17_3417,7833
1623,17_3419,17_3418,7833
1624,17_3419,17_3419,24837
1625,17_3419,17_3420,16095
1626,17_3419,17_3421,11389
1627,17_3419,17_3422,11232
1628,17_3419,17_3501,398
1629,17_3419,17_3502,48
1630,17_3419,17_3503,216
1631,17_3419,17_3504,256
1632,17_3419,17_3520,853
1633,17_3419,17_3521,60
1634,17_3419,17_3522,99
1635,17_3419,17_3523,76
1636,17_3419,17_3524,150
1637,17_3419,17_3525,129
1638,17_3419,17_3526,129
1639,17_3419,17_3527,31
1640,17_3419,17_3601,6809
1641,17_3419,17_3602,20795
1642,17_3419,17_3700,1010
1643,17_3420,17_3005,19088
1644,17_3420,17_3007,8096
1645,17_3420,17_3008,12815
1646,17_3420,17_3009,5724
1647,17_3420,17_3102,3583
1648,17_3420,17_3105,11846
1649,17_3420,17_3106,29438
1650,17_3420,17_3107,4710
1651,17_3420,17_3108,791
1652,17_3420,17_3202,4950
1653,17_3420,17_3203,14432
1654,17_3420,17_3204,11293
1655,17_3420,17_3205,5501
1656,17_3420,17_3207,14535
1657,17_3420,17_3208,5426
1658,17_3420,17_3209,24929
1659,17_3420,17_3306,3961
1660,17_3420,17_3307,3922
1661,17_3420,17_3308,13980
1662,17_3420,17_3309,12445
1663,17_3420,17_3310,11679
1664,17_3420,17_3401,17681
1665,17_3420,17_3407,3007
1666,17_3420,17_3408,534
1667,17_3420,17_3409,1736
1668,17_3420,17_3410,4162
1669,17_3420,17_3411,85
1670,17_3420,17_3412,269
1671,17_3420,17_3413,97
1672,17_3420,17_3414,31
1673,17_3420,17_3415,13496
1674,17_3420,17_3416,10455
1675,17_3420,17_3417,12653
1676,17_3420,17_3418,9782
1677,17_3420,17_3419,20678
1678,17_3420,17_3420,29057
1679,17_3420,17_3421,10815
1680,17_3420,17_3422,18897
1681,17_3420,17_3501,1403
1682,17_3420,17_3502,1159
1683,17_3420,17_3503,4129
1684,17_3420,17_3504,3914
1685,17_3420,17_3520,5599
1686,17_3420,17_3521,1678
1687,17_3420,17_3522,1380
1688,17_3420,17_3523,497
1689,17_3420,17_3524,95
1690,17_3420,17_3525,27
1691,17_3420,17_3526,6
1692,17_3420,17_3527,204
1693,17_3420,17_3530,84
1694,17_3420,17_3531,12
1695,17_3420,17_3532,2
1696,17_3420,17_3601,1857
1697,17_3420,17_3602,8036
1698,17_3420,17_3700,10773
1699,17_3421,17_3005,5306
1700,17_3421,17_3007,3931
1701,17_3421,17_3008,5257
1702,17_3421,17_3009,2665
1703,17_3421,17_3102,686
1704,17_3421,17_3105,5843
1705,17_3421,17_3106,18840
1706,17_3421,17_3107,2448
1707,17_3421,17_3108,208
1708,17_3421,17_3202,2028
1709,17_3421,17_3203,7389
1710,17_3421,17_3204,8412
1711,17_3421,17_3205,2849
1712,17_3421,17_3207,5935
1713,17_3421,17_3208,3151
1714,17_3421,17_3209,8981
1715,17_3421,17_3306,855
1716,17_3421,17_3307,3659
1717,17_3421,17_3308,6993
1718,17_3421,17_3309,5889
1719,17_3421,17_3310,12926
1720,17_3421,17_3401,23387
1721,17_3421,17_3407,9272
1722,17_3421,17_3408,2901
1723,17_3421,17_3409,1781
1724,17_3421,17_3410,2637
1725,17_3421,17_3411,14
1726,17_3421,17_3412,106
1727,17_3421,17_3413,7
1728,17_3421,17_3414,5
1729,17_3421,17_3415,22955
1730,17_3421,17_3416,12456
1731,17_3421,17_3417,10224
1732,17_3421,17_3418,10195
1733,17_3421,17_3419,15261
1734,17_3421,17_3420,15901
1735,17_3421,17_3421,17608
1736,17_3421,17_3422,23337
1737,17_3421,17_3501,3704
1738,17_3421,17_3502,1720
1739,17_3421,17_3503,7232
1740,17_3421,17_3504,12901
1741,17_3421,17_3520,20393
1742,17_3421,17_3521,16446
1743,17_3421,17_3522,11580
1744,17_3421,17_3523,4120
1745,17_3421,17_3524,394
1746,17_3421,17_3525,517
1747,17_3421,17_3526,96
1748,17_3421,17_3527,265
1749,17_3421,17_3530,9
1750,17_3421,17_3531,9
1751,17_3421,17_3532,1
1752,17_3421,17_3601,440
1753,17_3421,17_3602,2527
1754,17_3421,17_3700,2705
1755,17_3422,17_3005,13829
1756,17_3422,17_3007,12714
1757,17_3422,17_3008,6960
1758,17_3422,17_3009,5665
1759,17_3422,17_3102,22909
1760,17_3422,17_3105,41952
1761,17_3422,17_3106,46935
1762,17_3422,17_3107,11190
1763,17_3422,17_3108,1640
1764,17_3422,17_3202,7083
1765,17_3422,17_3203,14841
1766,17_3422,17_3204,28191
1767,17_3422,17_3205,9071
1768,17_3422,17_3207,20364
1769,17_3422,17_3208,11711
1770,17_3422,17_3209,19801
1771,17_3422,17_3306,488
1772,17_3422,17_3307,1099
1773,17_3422,17_3308,2075
1774,17_3422,17_3309,1868
1775,17_3422,17_3310,3199
1776,17_3422,17_3401,2565
1777,17_3422,17_3407,9177
1778,17_3422,17_3408,2584
1779,17_3422,17_3409,7787
1780,17_3422,17_3410,14178
1781,17_3422,17_3411,208
1782,17_3422,17_3412,311
1783,17_3422,17_3413,787
1784,17_3422,17_3414,87
1785,17_3422,17_3415,2792
1786,17_3422,17_3416,3795
1787,17_3422,17_3417,7727
1788,17_3422,17_3418,5132
1789,17_3422,17_3419,16336
1790,17_3422,17_3420,25431
1791,17_3422,17_3421,11110
1792,17_3422,17_3422,30513
1793,17_3422,17_3501,5266
1794,17_3422,17_3502,4490
1795,17_3422,17_3503,10096
1796,17_3422,17_3504,16787
1797,17_3422,17_3520,17709
1798,17_3422,17_3521,8753
1799,17_3422,17_3522,4789
1800,17_3422,17_3523,1052
1801,17_3422,17_3524,2345
1802,17_3422,17_3525,1677
1803,17_3422,17_3526,337
1804,17_3422,17_3527,860
1805,17_3422,17_3528,35
1806,17_3422,17_3529,35
1807,17_3422,17_3530,32
1808,17_3422,17_3531,35
1809,17_3422,17_3532,43
1810,17_3422,17_3601,182
1811,17_3422,17_3602,1157
1812,17_3422,17_3700,13148
1813,17_3501,17_3005,51
1814,17_3501,17_3007,200
1815,17_3501,17_3008,72
1816,17_3501,17_3009,122
1817,17_3501,17_3102,854
1818,17_3501,17_3105,2193
1819,17_3501,17_3106,1141
1820,17_3501,17_3107,2483
1821,17_3501,17_3108,474
1822,17_3501,17_3202,350
1823,17_3501,17_3203,209
1824,17_3501,17_3204,1116
1825,17_3501,17_3205,1071
1826,17_3501,17_3207,3444
1827,17_3501,17_3208,521
1828,17_3501,17_3209,147
1829,17_3501,17_3306,30
1830,17_3501,17_3307,91
1831,17_3501,17_3308,34
1832,17_3501,17_3309,460
1833,17_3501,17_3310,558
1834,17_3501,17_3401,421
1835,17_3501,17_3407,25274
1836,17_3501,17_3408,21443
1837,17_3501,17_3409,1768
1838,17_3501,17_3410,1666
1839,17_3501,17_3411,116
1840,17_3501,17_3412,164
1841,17_3501,17_3414,73
1842,17_3501,17_3415,656
1843,17_3501,17_3416,1131
1844,17_3501,17_3417,447
1845,17_3501,17_3418,723
1846,17_3501,17_3419,2306
1847,17_3501,17_3420,20167
1848,17_3501,17_3421,40516
1849,17_3501,17_3422,62808
1850,17_3501,17_3501,76056
1851,17_3501,17_3502,26554
1852,17_3501,17_3503,73213
1853,17_3501,17_3504,73677
1854,17_3501,17_3520,82711
1855,17_3501,17_3521,114244
1856,17_3501,17_3522,55776
1857,17_3501,17_3523,21266
1858,17_3501,17_3524,9504
1859,17_3501,17_3525,4242
1860,17_3501,17_3526,315
1861,17_3501,17_3527,509
1862,17_3501,17_3528,94
1863,17_3501,17_3529,55
1864,17_3501,17_3530,132
1865,17_3501,17_3531,86
1866,17_3501,17_3602,6
1867,17_3501,17_3700,18
1868,17_3502,17_3005,283
1869,17_3502,17_3007,173
1870,17_3502,17_3008,62
1871,17_3502,17_3009,74
1872,17_3502,17_3102,1352
1873,17_3502,17_3105,913
1874,17_3502,17_3106,767
1875,17_3502,17_3107,650
1876,17_3502,17_3108,98
1877,17_3502,17_3202,508
1878,17_3502,17_3203,346
1879,17_3502,17_3204,705
1880,17_3502,17_3205,1174
1881,17_3502,17_3207,1375
1882,17_3502,17_3208,577
1883,17_3502,17_3209,417
1884,17_3502,17_3307,73
1885,17_3502,17_3308,27
1886,17_3502,17_3309,841
1887,17_3502,17_3310,396
1888,17_3502,17_3401,229
1889,17_3502,17_3407,14333
1890,17_3502,17_3408,17388
1891,17_3502,17_3409,2811
1892,17_3502,17_3410,557
1893,17_3502,17_3411,224
1894,17_3502,17_3413,2
1895,17_3502,17_3414,3
1896,17_3502,17_3415,393
1897,17_3502,17_3416,680
1898,17_3502,17_3417,112
1899,17_3502,17_3418,220
1900,17_3502,17_3419,825
1901,17_3502,17_3420,3806
1902,17_3502,17_3421,30347
1903,17_3502,17_3422,26648
1904,17_3502,17_3501,140855
1905,17_3502,17_3502,106322
1906,17_3502,17_3503,94545
1907,17_3502,17_3504,57360
1908,17_3502,17_3520,36043
1909,17_3502,17_3521,59487
1910,17_3502,17_3522,57325
1911,17_3502,17_3523,26154
1912,17_3502,17_3524,29254
1913,17_3502,17_3525,29044
1914,17_3502,17_3526,2220
1915,17_3502,17_3527,3147
1916,17_3502,17_3528,488
1917,17_3502,17_3529,559
1918,17_3502,17_3530,116
1919,17_3502,17_3602,5
1920,17_3502,17_3700,251
1921,17_3503,17_3005,1027
1922,17_3503,17_3007,816
1923,17_3503,17_3008,201
1924,17_3503,17_3009,360
1925,17_3503,17_3102,3792
1926,17_3503,17_3105,4701
1927,17_3503,17_3106,5741
1928,17_3503,17_3107,3622
1929,17_3503,17_3108,383
1930,17_3503,17_3202,955
1931,17_3503,17_3203,1445
1932,17_3503,17_3204,3983
1933,17_3503,17_3205,2326
1934,17_3503,17_3207,5285
1935,17_3503,17_3208,1573
1936,17_3503,17_3209,1459
1937,17_3503,17_3306,18
1938,17_3503,17_3307,193
1939,17_3503,17_3308,156
1940,17_3503,17_3309,410
1941,17_3503,17_3310,363
1942,17_3503,17_3401,413
1943,17_3503,17_3407,19307
1944,17_3503,17_3408,11805
1945,17_3503,17_3409,2814
1946,17_3503,17_3410,2973
1947,17_3503,17_3411,76
1948,17_3503,17_3412,240
1949,17_3503,17_3413,4
1950,17_3503,17_3414,67
1951,17_3503,17_3415,330
1952,17_3503,17_3416,1653
1953,17_3503,17_3417,619
1954,17_3503,17_3418,1022
1955,17_3503,17_3419,2458
1956,17_3503,17_3420,21001
1957,17_3503,17_3421,27933
1958,17_3503,17_3422,51888
1959,17_3503,17_3501,36577
1960,17_3503,17_3502,13049
1961,17_3503,17_3503,34997
1962,17_3503,17_3504,62663
1963,17_3503,17_3520,75095
1964,17_3503,17_3521,73511
1965,17_3503,17_3522,53477
1966,17_3503,17_3523,20254
1967,17_3503,17_3524,5864
1968,17_3503,17_3525,1167
1969,17_3503,17_3526,481
1970,17_3503,17_3527,792
1971,17_3503,17_3528,220
1972,17_3503,17_3529,236
1973,17_3503,17_3530,44
1974,17_3503,17_3531,406
1975,17_3503,17_3532,1
1976,17_3503,17_3602,38
1977,17_3503,17_3700,330
1978,17_3504,17_3005,4757
1979,17_3504,17_3007,1502
1980,17_3504,17_3008,393
1981,17_3504,17_3009,997
1982,17_3504,17_3102,22714
1983,17_3504,17_3105,22779
1984,17_3504,17_3106,30031
1985,17_3504,17_3107,15955
1986,17_3504,17_3108,2900
1987,17_3504,17_3202,1903
1988,17_3504,17_3203,13076
1989,17_3504,17_3204,20549
1990,17_3504,17_3205,4192
1991,17_3504,17_3207,6095
1992,17_3504,17_3208,1653
1993,17_3504,17_3209,8342
1994,17_3504,17_3306,24
1995,17_3504,17_3307,137
1996,17_3504,17_3308,343
1997,17_3504,17_3309,422
1998,17_3504,17_3310,545
1999,17_3504,17_3401,388
2000,17_3504,17_3407,8747
2001,17_3504,17_3408,5694
2002,17_3504,17_3409,2940
2003,17_3504,17_3410,9881
2004,17_3504,17_3411,74
2005,17_3504,17_3412,387
2006,17_3504,17_3413,66
2007,17_3504,17_3414,242
2008,17_3504,17_3415,392
2009,17_3504,17_3416,1508
2010,17_3504,17_3417,825
2011,17_3504,17_3418,851
2012,17_3504,17_3419,3735
2013,17_3504,17_3420,31334
2014,17_3504,17_3421,21240
2015,17_3504,17_3422,31664
2016,17_3504,17_3501,12765
2017,17_3504,17_3502,6208
2018,17_3504,17_3503,12166
2019,17_3504,17_3504,34132
2020,17_3504,17_3520,43479
2021,17_3504,17_3521,33581
2022,17_3504,17_3522,28490
2023,17_3504,17_3523,9563
2024,17_3504,17_3524,4477
2025,17_3504,17_3525,881
2026,17_3504,17_3526,105
2027,17_3504,17_3527,181
2028,17_3504,17_3528,58
2029,17_3504,17_3529,118
2030,17_3504,17_3530,2
2031,17_3504,17_3531,830
2032,17_3504,17_3602,95
2033,17_3504,17_3700,3877
2034,17_3520,17_3005,7983
2035,17_3520,17_3007,1574
2036,17_3520,17_3008,316
2037,17_3520,17_3009,1131
2038,17_3520,17_3102,44286
2039,17_3520,17_3105,39339
2040,17_3520,17_3106,40464
2041,17_3520,17_3107,17294
2042,17_3520,17_3108,3502
2043,17_3520,17_3202,3148
2044,17_3520,17_3203,13841
2045,17_3520,17_3204,25509
2046,17_3520,17_3205,5979
2047,17_3520,17_3207,4840
2048,17_3520,17_3208,2351
2049,17_3520,17_3209,11074
2050,17_3520,17_3306,25
2051,17_3520,17_3307,111
2052,17_3520,17_3308,534
2053,17_3520,17_3309,557
2054,17_3520,17_3310,1393
2055,17_3520,17_3401,566
2056,17_3520,17_3407,11097
2057,17_3520,17_3408,4026
2058,17_3520,17_3409,5184
2059,17_3520,17_3410,15676
2060,17_3520,17_3411,57
2061,17_3520,17_3412,670
2062,17_3520,17_3413,260
2063,17_3520,17_3414,576
2064,17_3520,17_3415,996
2065,17_3520,17_3416,1989
2066,17_3520,17_3417,1310
2067,17_3520,17_3418,996
2068,17_3520,17_3419,3109
2069,17_3520,17_3420,21700
2070,17_3520,17_3421,16014
2071,17_3520,17_3422,27619
2072,17_3520,17_3501,4862
2073,17_3520,17_3502,3879
2074,17_3520,17_3503,9771
2075,17_3520,17_3504,17643
2076,17_3520,17_3520,23186
2077,17_3520,17_3521,14875
2078,17_3520,17_3522,7477
2079,17_3520,17_3523,2267
2080,17_3520,17_3524,2496
2081,17_3520,17_3525,800
2082,17_3520,17_3526,140
2083,17_3520,17_3527,501
2084,17_3520,17_3528,1
2085,17_3520,17_3529,1
2086,17_3520,17_3530,32
2087,17_3520,17_3531,1
2088,17_3520,17_3532,4
2089,17_3520,17_3602,143
2090,17_3520,17_3700,7357
2091,17_3521,17_3005,2301
2092,17_3521,17_3007,660
2093,17_3521,17_3008,186
2094,17_3521,17_3009,199
2095,17_3521,17_3102,30890
2096,17_3521,17_3105,25039
2097,17_3521,17_3106,18267
2098,17_3521,17_3107,13630
2099,17_3521,17_3108,4523
2100,17_3521,17_3202,1512
2101,17_3521,17_3203,3887
2102,17_3521,17_3204,10835
2103,17_3521,17_3205,3336
2104,17_3521,17_3207,6778
2105,17_3521,17_3208,1509
2106,17_3521,17_3209,1962
2107,17_3521,17_3306,1
2108,17_3521,17_3307,64
2109,17_3521,17_3308,141
2110,17_3521,17_3309,347
2111,17_3521,17_3310,854
2112,17_3521,17_3401,962
2113,17_3521,17_3407,33754
2114,17_3521,17_3408,17831
2115,17_3521,17_3409,6566
2116,17_3521,17_3410,9230
2117,17_3521,17_3411,465
2118,17_3521,17_3412,518
2119,17_3521,17_3413,218
2120,17_3521,17_3414,559
2121,17_3521,17_3415,889
2122,17_3521,17_3416,2099
2123,17_3521,17_3417,978
2124,17_3521,17_3418,943
2125,17_3521,17_3419,6448
2126,17_3521,17_3420,48802
2127,17_3521,17_3421,30846
2128,17_3521,17_3422,57188
2129,17_3521,17_3501,26893
2130,17_3521,17_3502,59791
2131,17_3521,17_3503,42172
2132,17_3521,17_3504,54168
2133,17_3521,17_3520,52737
2134,17_3521,17_3521,44299
2135,17_3521,17_3522,64169
2136,17_3521,17_3523,25778
2137,17_3521,17_3524,46871
2138,17_3521,17_3525,21764
2139,17_3521,17_3526,4383
2140,17_3521,17_3527,2947
2141,17_3521,17_3528,130
2142,17_3521,17_3529,213
2143,17_3521,17_3530,121
2144,17_3521,17_3531,122
2145,17_3521,17_3532,140
2146,17_3521,17_3602,61
2147,17_3521,17_3700,3212
2148,17_3522,17_3005,392
2149,17_3522,17_3007,371
2150,17_3522,17_3008,48
2151,17_3522,17_3009,73
2152,17_3522,17_3102,12387
2153,17_3522,17_3105,7921
2154,17_3522,17_3106,3440
2155,17_3522,17_3107,7918
2156,17_3522,17_3108,2397
2157,17_3522,17_3202,979
2158,17_3522,17_3203,1883
2159,17_3522,17_3204,4312
2160,17_3522,17_3205,1808
2161,17_3522,17_3207,4073
2162,17_3522,17_3208,1024
2163,17_3522,17_3209,1052
2164,17_3522,17_3308,69
2165,17_3522,17_3309,164
2166,17_3522,17_3310,362
2167,17_3522,17_3401,263
2168,17_3522,17_3407,17329
2169,17_3522,17_3408,17004
2170,17_3522,17_3409,3687
2171,17_3522,17_3410,4205
2172,17_3522,17_3411,405
2173,17_3522,17_3412,231
2174,17_3522,17_3413,32
2175,17_3522,17_3414,166
2176,17_3522,17_3415,465
2177,17_3522,17_3416,1143
2178,17_3522,17_3417,272
2179,17_3522,17_3418,612
2180,17_3522,17_3419,3528
2181,17_3522,17_3420,29224
2182,17_3522,17_3421,20169
2183,17_3522,17_3422,45113
2184,17_3522,17_3501,44096
2185,17_3522,17_3502,37022
2186,17_3522,17_3503,42917
2187,17_3522,17_3504,50129
2188,17_3522,17_3520,53744
2189,17_3522,17_3521,48805
2190,17_3522,17_3522,34506
2191,17_3522,17_3523,19475
2192,17_3522,17_3524,10909
2193,17_3522,17_3525,6440
2194,17_3522,17_3526,2966
2195,17_3522,17_3527,1581
2196,17_3522,17_3528,346
2197,17_3522,17_3529,294
2198,17_3522,17_3532,136
2199,17_3522,17_3602,12
2200,17_3522,17_3700,610
2201,17_3523,17_3005,378
2202,17_3523,17_3007,593
2203,17_3523,17_3008,98
2204,17_3523,17_3009,213
2205,17_3523,17_3102,2753
2206,17_3523,17_3105,1400
2207,17_3523,17_3106,912
2208,17_3523,17_3107,1940
2209,17_3523,17_3108,708
2210,17_3523,17_3202,1577
2211,17_3523,17_3203,760
2212,17_3523,17_3204,3170
2213,17_3523,17_3205,4216
2214,17_3523,17_3207,3252
2215,17_3523,17_3208,1304
2216,17_3523,17_3209,1124
2217,17_3523,17_3308,16
2218,17_3523,17_3309,109
2219,17_3523,17_3310,195
2220,17_3523,17_3401,1010
2221,17_3523,17_3407,63739
2222,17_3523,17_3408,70640
2223,17_3523,17_3409,32582
2224,17_3523,17_3410,3935
2225,17_3523,17_3411,2551
2226,17_3523,17_3412,18
2227,17_3523,17_3413,6
2228,17_3523,17_3414,37
2229,17_3523,17_3415,412
2230,17_3523,17_3416,504
2231,17_3523,17_3417,495
2232,17_3523,17_3418,652
2233,17_3523,17_3419,2046
2234,17_3523,17_3420,8611
2235,17_3523,17_3421,6096
2236,17_3523,17_3422,24682
2237,17_3523,17_3501,26664
2238,17_3523,17_3502,65818
2239,17_3523,17_3503,35054
2240,17_3523,17_3504,23445
2241,17_3523,17_3520,17021
2242,17_3523,17_3521,57576
2243,17_3523,17_3522,50738
2244,17_3523,17_3523,66632
2245,17_3523,17_3524,83368
2246,17_3523,17_3525,66398
2247,17_3523,17_3526,26378
2248,17_3523,17_3527,35658
2249,17_3523,17_3528,4023
2250,17_3523,17_3529,4711
2251,17_3523,17_3530,1391
2252,17_3523,17_3531,782
2253,17_3523,17_3532,238
2254,17_3523,17_3602,7
2255,17_3523,17_3700,288
2256,17_3524,17_3005,545
2257,17_3524,17_3007,324
2258,17_3524,17_3008,82
2259,17_3524,17_3009,319
2260,17_3524,17_3102,380
2261,17_3524,17_3105,524
2262,17_3524,17_3106,789
2263,17_3524,17_3107,431
2264,17_3524,17_3108,79
2265,17_3524,17_3202,1069
2266,17_3524,17_3203,916
2267,17_3524,17_3204,3370
2268,17_3524,17_3205,3829
2269,17_3524,17_3207,1670
2270,17_3524,17_3208,1045
2271,17_3524,17_3209,809
2272,17_3524,17_3306,24
2273,17_3524,17_3307,14
2274,17_3524,17_3308,36
2275,17_3524,17_3309,74
2276,17_3524,17_3310,256
2277,17_3524,17_3401,396
2278,17_3524,17_3407,53453
2279,17_3524,17_3408,101591
2280,17_3524,17_3409,69550
2281,17_3524,17_3410,3547
2282,17_3524,17_3411,3988
2283,17_3524,17_3412,152
2284,17_3524,17_3413,178
2285,17_3524,17_3414,84
2286,17_3524,17_3415,193
2287,17_3524,17_3416,287
2288,17_3524,17_3417,448
2289,17_3524,17_3418,668
2290,17_3524,17_3419,1715
2291,17_3524,17_3420,2221
2292,17_3524,17_3421,4940
2293,17_3524,17_3422,9437
2294,17_3524,17_3501,32312
2295,17_3524,17_3502,44571
2296,17_3524,17_3503,29344
2297,17_3524,17_3504,21139
2298,17_3524,17_3520,14281
2299,17_3524,17_3521,62861
2300,17_3524,17_3522,31000
2301,17_3524,17_3523,117921
2302,17_3524,17_3524,166110
2303,17_3524,17_3525,124374
2304,17_3524,17_3526,43121
2305,17_3524,17_3527,78166
2306,17_3524,17_3528,9455
2307,17_3524,17_3529,6227
2308,17_3524,17_3530,3162
2309,17_3524,17_3531,578
2310,17_3524,17_3532,41
2311,17_3524,17_3700,324
2312,17_3525,17_3005,111
2313,17_3525,17_3007,88
2314,17_3525,17_3008,23
2315,17_3525,17_3009,43
2316,17_3525,17_3102,85
2317,17_3525,17_3105,355
2318,17_3525,17_3106,357
2319,17_3525,17_3107,236
2320,17_3525,17_3108,66
2321,17_3525,17_3202,528
2322,17_3525,17_3203,398
2323,17_3525,17_3204,3655
2324,17_3525,17_3205,3210
2325,17_3525,17_3207,756
2326,17_3525,17_3208,365
2327,17_3525,17_3209,207
2328,17_3525,17_3307,14
2329,17_3525,17_3309,55
2330,17_3525,17_3310,179
2331,17_3525,17_3401,100
2332,17_3525,17_3407,37852
2333,17_3525,17_3408,59823
2334,17_3525,17_3409,53665
2335,17_3525,17_3410,2379
2336,17_3525,17_3411,2438
2337,17_3525,17_3412,191
2338,17_3525,17_3413,295
2339,17_3525,17_3414,108
2340,17_3525,17_3415,105
2341,17_3525,17_3416,124
2342,17_3525,17_3417,51
2343,17_3525,17_3418,65
2344,17_3525,17_3419,528
2345,17_3525,17_3420,1334
2346,17_3525,17_3421,2960
2347,17_3525,17_3422,2427
2348,17_3525,17_3501,20003
2349,17_3525,17_3502,46296
2350,17_3525,17_3503,14067
2351,17_3525,17_3504,8774
2352,17_3525,17_3520,3994
2353,17_3525,17_3521,26197
2354,17_3525,17_3522,17604
2355,17_3525,17_3523,139625
2356,17_3525,17_3524,248292
2357,17_3525,17_3525,173211
2358,17_3525,17_3526,41136
2359,17_3525,17_3527,43245
2360,17_3525,17_3528,8148
2361,17_3525,17_3529,8861
2362,17_3525,17_3530,1788
2363,17_3525,17_3531,662
2364,17_3525,17_3532,262
2365,17_3525,17_3700,103
2366,17_3526,17_3005,953
2367,17_3526,17_3007,735
2368,17_3526,17_3008,146
2369,17_3526,17_3009,341
2370,17_3526,17_3102,212
2371,17_3526,17_3105,696
2372,17_3526,17_3106,939
2373,17_3526,17_3107,308
2374,17_3526,17_3108,79
2375,17_3526,17_3202,1091
2376,17_3526,17_3203,883
2377,17_3526,17_3204,3034
2378,17_3526,17_3205,2819
2379,17_3526,17_3207,1208
2380,17_3526,17_3208,1416
2381,17_3526,17_3209,1984
2382,17_3526,17_3308,19
2383,17_3526,17_3309,36
2384,17_3526,17_3310,294
2385,17_3526,17_3401,101
2386,17_3526,17_3407,29433
2387,17_3526,17_3408,44524
2388,17_3526,17_3409,36163
2389,17_3526,17_3410,4375
2390,17_3526,17_3411,4159
2391,17_3526,17_3412,498
2392,17_3526,17_3413,164
2393,17_3526,17_3414,76
2394,17_3526,17_3415,212
2395,17_3526,17_3416,476
2396,17_3526,17_3417,186
2397,17_3526,17_3418,206
2398,17_3526,17_3419,398
2399,17_3526,17_3420,582
2400,17_3526,17_3421,781
2401,17_3526,17_3422,1177
2402,17_3526,17_3501,2273
2403,17_3526,17_3502,6867
2404,17_3526,17_3503,3099
2405,17_3526,17_3504,3333
2406,17_3526,17_3520,1083
2407,17_3526,17_3521,21519
2408,17_3526,17_3522,5590
2409,17_3526,17_3523,52860
2410,17_3526,17_3524,101447
2411,17_3526,17_3525,100128
2412,17_3526,17_3526,38127
2413,17_3526,17_3527,32812
2414,17_3526,17_3528,9327
2415,17_3526,17_3529,13198
2416,17_3526,17_3530,2951
2417,17_3526,17_3531,2700
2418,17_3526,17_3532,412
2419,17_3526,17_3602,13
2420,17_3526,17_3700,672
2421,17_3527,17_3005,897
2422,17_3527,17_3007,1088
2423,17_3527,17_3008,177
2424,17_3527,17_3009,498
2425,17_3527,17_3102,250
2426,17_3527,17_3105,415
2427,17_3527,17_3106,1020
2428,17_3527,17_3107,310
2429,17_3527,17_3108,113
2430,17_3527,17_3202,1653
2431,17_3527,17_3203,1311
2432,17_3527,17_3204,2436
2433,17_3527,17_3205,3609
2434,17_3527,17_3207,2708
2435,17_3527,17_3208,1998
2436,17_3527,17_3209,2091
2437,17_3527,17_3307,33
2438,17_3527,17_3308,9
2439,17_3527,17_3309,213
2440,17_3527,17_3310,327
2441,17_3527,17_3401,161
2442,17_3527,17_3407,42145
2443,17_3527,17_3408,46174
2444,17_3527,17_3409,18323
2445,17_3527,17_3410,1761
2446,17_3527,17_3411,3945
2447,17_3527,17_3412,601
2448,17_3527,17_3413,449
2449,17_3527,17_3414,187
2450,17_3527,17_3415,244
2451,17_3527,17_3416,371
2452,17_3527,17_3417,360
2453,17_3527,17_3418,513
2454,17_3527,17_3419,1089
2455,17_3527,17_3420,1135
2456,17_3527,17_3421,1283
2457,17_3527,17_3422,3532
2458,17_3527,17_3501,5430
2459,17_3527,17_3502,14325
2460,17_3527,17_3503,6133
2461,17_3527,17_3504,4334
2462,17_3527,17_3520,1686
2463,17_3527,17_3521,35869
2464,17_3527,17_3522,9366
2465,17_3527,17_3523,48832
2466,17_3527,17_3524,51796
2467,17_3527,17_3525,42540
2468,17_3527,17_3526,30260
2469,17_3527,17_3527,22203
2470,17_3527,17_3528,22265
2471,17_3527,17_3529,27232
2472,17_3527,17_3530,3868
2473,17_3527,17_3531,2842
2474,17_3527,17_3532,1542
2475,17_3527,17_3602,9
2476,17_3527,17_3700,642
2477,17_3528,17_3005,640
2478,17_3528,17_3007,340
2479,17_3528,17_3008,57
2480,17_3528,17_3009,115
2481,17_3528,17_3102,461
2482,17_3528,17_3105,1089
2483,17_3528,17_3106,1494
2484,17_3528,17_3107,1538
2485,17_3528,17_3108,134
2486,17_3528,17_3202,792
2487,17_3528,17_3203,759
2488,17_3528,17_3204,3564
2489,17_3528,17_3205,2028
2490,17_3528,17_3207,1110
2491,17_3528,17_3208,1226
2492,17_3528,17_3209,1274
2493,17_3528,17_3308,7
2494,17_3528,17_3309,39
2495,17_3528,17_3310,230
2496,17_3528,17_3401,19
2497,17_3528,17_3407,6897
2498,17_3528,17_3408,10151
2499,17_3528,17_3409,46756
2500,17_3528,17_3410,20727
2501,17_3528,17_3411,44686
2502,17_3528,17_3412,4121
2503,17_3528,17_3413,1838
2504,17_3528,17_3414,602
2505,17_3528,17_3415,118
2506,17_3528,17_3416,258
2507,17_3528,17_3417,288
2508,17_3528,17_3418,415
2509,17_3528,17_3419,311
2510,17_3528,17_3420,387
2511,17_3528,17_3421,268
2512,17_3528,17_3422,831
2513,17_3528,17_3501,497
2514,17_3528,17_3502,6422
2515,17_3528,17_3503,1447
2516,17_3528,17_3504,1820
2517,17_3528,17_3520,801
2518,17_3528,17_3521,4873
2519,17_3528,17_3522,2476
2520,17_3528,17_3523,46738
2521,17_3528,17_3524,75112
2522,17_3528,17_3525,81034
2523,17_3528,17_3526,78619
2524,17_3528,17_3527,49093
2525,17_3528,17_3528,70222
2526,17_3528,17_3529,103887
2527,17_3528,17_3530,36203
2528,17_3528,17_3531,19039
2529,17_3528,17_3532,8388
2530,17_3528,17_3602,4
2531,17_3528,17_3700,597
2532,17_3529,17_3005,642
2533,17_3529,17_3007,229
2534,17_3529,17_3008,17
2535,17_3529,17_3009,41
2536,17_3529,17_3102,512
2537,17_3529,17_3105,1525
2538,17_3529,17_3106,1751
2539,17_3529,17_3107,1267
2540,17_3529,17_3108,120
2541,17_3529,17_3202,878
2542,17_3529,17_3203,600
2543,17_3529,17_3204,3444
2544,17_3529,17_3205,887
2545,17_3529,17_3207,645
2546,17_3529,17_3208,1079
2547,17_3529,17_3209,1037
2548,17_3529,17_3309,90
2549,17_3529,17_3310,297
2550,17_3529,17_3401,45
2551,17_3529,17_3407,5100
2552,17_3529,17_3408,11436
2553,17_3529,17_3409,44994
2554,17_3529,17_3410,25314
2555,17_3529,17_3411,58173
2556,17_3529,17_3412,8412
2557,17_3529,17_3413,1788
2558,17_3529,17_3414,982
2559,17_3529,17_3415,155
2560,17_3529,17_3416,356
2561,17_3529,17_3417,151
2562,17_3529,17_3418,190
2563,17_3529,17_3419,241
2564,17_3529,17_3420,304
2565,17_3529,17_3421,577
2566,17_3529,17_3422,371
2567,17_3529,17_3501,553
2568,17_3529,17_3502,2723
2569,17_3529,17_3503,1905
2570,17_3529,17_3504,842
2571,17_3529,17_3520,337
2572,17_3529,17_3521,5397
2573,17_3529,17_3522,2222
2574,17_3529,17_3523,50393
2575,17_3529,17_3524,74075
2576,17_3529,17_3525,74098
2577,17_3529,17_3526,126564
2578,17_3529,17_3527,74014
2579,17_3529,17_3528,84065
2580,17_3529,17_3529,52288
2581,17_3529,17_3530,47665
2582,17_3529,17_3531,47917
2583,17_3529,17_3532,7176
2584,17_3529,17_3700,859
2585,17_3530,17_3005,1316
2586,17_3530,17_3007,992
2587,17_3530,17_3008,118
2588,17_3530,17_3009,453
2589,17_3530,17_3102,856
2590,17_3530,17_3105,1443
2591,17_3530,17_3106,2664
2592,17_3530,17_3107,2619
2593,17_3530,17_3108,336
2594,17_3530,17_3202,1140
2595,17_3530,17_3203,1467
2596,17_3530,17_3204,5334
2597,17_3530,17_3205,2170
2598,17_3530,17_3207,1806
2599,17_3530,17_3208,1318
2600,17_3530,17_3209,1770
2601,17_3530,17_3308,1
2602,17_3530,17_3309,4
2603,17_3530,17_3310,204
2604,17_3530,17_3401,14
2605,17_3530,17_3407,3095
2606,17_3530,17_3408,2638
2607,17_3530,17_3409,34508
2608,17_3530,17_3410,22699
2609,17_3530,17_3411,41667
2610,17_3530,17_3412,7155
2611,17_3530,17_3413,5074
2612,17_3530,17_3414,1547
2613,17_3530,17_3415,80
2614,17_3530,17_3416,362
2615,17_3530,17_3417,442
2616,17_3530,17_3418,748
2617,17_3530,17_3419,939
2618,17_3530,17_3420,755
2619,17_3530,17_3421,695
2620,17_3530,17_3422,997
2621,17_3530,17_3501,99
2622,17_3530,17_3502,2142
2623,17_3530,17_3503,455
2624,17_3530,17_3504,321
2625,17_3530,17_3520,161
2626,17_3530,17_3521,1267
2627,17_3530,17_3522,1975
2628,17_3530,17_3523,11677
2629,17_3530,17_3524,15169
2630,17_3530,17_3525,14710
2631,17_3530,17_3526,35158
2632,17_3530,17_3527,29793
2633,17_3530,17_3528,74851
2634,17_3530,17_3529,77576
2635,17_3530,17_3530,42944
2636,17_3530,17_3531,47274
2637,17_3530,17_3532,13152
2638,17_3530,17_3602,1
2639,17_3530,17_3700,872
2640,17_3531,17_3005,675
2641,17_3531,17_3007,333
2642,17_3531,17_3009,122
2643,17_3531,17_3102,868
2644,17_3531,17_3105,1955
2645,17_3531,17_3106,2291
2646,17_3531,17_3107,3876
2647,17_3531,17_3108,452
2648,17_3531,17_3202,874
2649,17_3531,17_3203,1084
2650,17_3531,17_3204,5516
2651,17_3531,17_3205,2131
2652,17_3531,17_3207,1691
2653,17_3531,17_3208,1133
2654,17_3531,17_3209,1092
2655,17_3531,17_3310,4
2656,17_3531,17_3401,3
2657,17_3531,17_3407,3253
2658,17_3531,17_3408,1449
2659,17_3531,17_3409,59556
2660,17_3531,17_3410,43050
2661,17_3531,17_3411,78271
2662,17_3531,17_3412,9937
2663,17_3531,17_3413,5558
2664,17_3531,17_3414,2329
2665,17_3531,17_3415,1
2666,17_3531,17_3416,32
2667,17_3531,17_3417,120
2668,17_3531,17_3418,309
2669,17_3531,17_3419,504
2670,17_3531,17_3420,404
2671,17_3531,17_3421,246
2672,17_3531,17_3422,1106
2673,17_3531,17_3501,81
2674,17_3531,17_3502,1031
2675,17_3531,17_3503,102
2676,17_3531,17_3504,234
2677,17_3531,17_3520,309
2678,17_3531,17_3521,394
2679,17_3531,17_3522,1811
2680,17_3531,17_3523,5508
2681,17_3531,17_3524,8295
2682,17_3531,17_3525,12108
2683,17_3531,17_3526,29198
2684,17_3531,17_3527,39637
2685,17_3531,17_3528,117364
2686,17_3531,17_3529,109804
2687,17_3531,17_3530,83771
2688,17_3531,17_3531,79372
2689,17_3531,17_3532,18000
2690,17_3531,17_3700,706
2691,17_3532,17_3005,767
2692,17_3532,17_3007,272
2693,17_3532,17_3009,72
2694,17_3532,17_3102,2377
2695,17_3532,17_3105,3448
2696,17_3532,17_3106,2482
2697,17_3532,17_3107,6182
2698,17_3532,17_3108,799
2699,17_3532,17_3202,1051
2700,17_3532,17_3203,1259
2701,17_3532,17_3204,3376
2702,17_3532,17_3205,1104
2703,17_3532,17_3207,1396
2704,17_3532,17_3208,1093
2705,17_3532,17_3209,1447
2706,17_3532,17_3310,5
2707,17_3532,17_3401,4
2708,17_3532,17_3407,1082
2709,17_3532,17_3408,397
2710,17_3532,17_3409,26350
2711,17_3532,17_3410,27671
2712,17_3532,17_3411,62549
2713,17_3532,17_3412,17211
2714,17_3532,17_3413,11223
2715,17_3532,17_3414,5013
2716,17_3532,17_3415,15
2717,17_3532,17_3416,31
2718,17_3532,17_3417,75
2719,17_3532,17_3418,246
2720,17_3532,17_3419,693
2721,17_3532,17_3420,672
2722,17_3532,17_3421,496
2723,17_3532,17_3422,796
2724,17_3532,17_3501,206
2725,17_3532,17_3502,55
2726,17_3532,17_3503,553
2727,17_3532,17_3504,500
2728,17_3532,17_3520,289
2729,17_3532,17_3521,652
2730,17_3532,17_3522,114
2731,17_3532,17_3523,1714
2732,17_3532,17_3524,2342
2733,17_3532,17_3525,2377
2734,17_3532,17_3526,13214
2735,17_3532,17_3527,23287
2736,17_3532,17_3528,99080
2737,17_3532,17_3529,56354
2738,17_3532,17_3530,78707
2739,17_3532,17_3531,114078
2740,17_3532,17_3532,36742
2741,17_3532,17_3700,926
2742,17_3601,17_3007,31
2743,17_3601,17_3008,1330
2744,17_3601,17_3009,195
2745,17_3601,17_3202,8
2746,17_3601,17_3203,5
2747,17_3601,17_3207,19
2748,17_3601,17_3208,28
2749,17_3601,17_3209,5
2750,17_3601,17_3306,2534
2751,17_3601,17_3307,645
2752,17_3601,17_3308,1415
2753,17_3601,17_3309,1067
2754,17_3601,17_3310,257
2755,17_3601,17_3401,791
2756,17_3601,17_3415,209
2757,17_3601,17_3416,67
2758,17_3601,17_3417,444
2759,17_3601,17_3418,189
2760,17_3601,17_3419,63
2761,17_3601,17_3420,12
2762,17_3601,17_3421,32
2763,17_3601,17_3422,22
2764,17_3601,17_3504,26
2765,17_3601,17_3520,26
2766,17_3601,17_3601,998
2767,17_3601,17_3602,3305
2768,17_3602,17_3005,3
2769,17_3602,17_3007,173
2770,17_3602,17_3008,4607
2771,17_3602,17_3009,1114
2772,17_3602,17_3202,8
2773,17_3602,17_3203,5
2774,17_3602,17_3207,96
2775,17_3602,17_3208,58
2776,17_3602,17_3209,5
2777,17_3602,17_3306,7462
2778,17_3602,17_3307,1781
2779,17_3602,17_3308,6119
2780,17_3602,17_3309,4637
2781,17_3602,17_3310,1676
2782,17_3602,17_3401,3612
2783,17_3602,17_3415,1775
2784,17_3602,17_3416,454
2785,17_3602,17_3417,2268
2786,17_3602,17_3418,1105
2787,17_3602,17_3419,1181
2788,17_3602,17_3420,444
2789,17_3602,17_3421,41
2790,17_3602,17_3422,25
2791,17_3602,17_3504,26
2792,17_3602,17_3520,26
2793,17_3602,17_3601,2670
2794,17_3602,17_3602,8290
2795,17_3700,17_3005,6592
2796,17_3700,17_3007,4035
2797,17_3700,17_3008,1264
2798,17_3700,17_3009,1766
2799,17_3700,17_3102,3474
2800,17_3700,17_3105,4868
2801,17_3700,17_3106,4676
2802,17_3700,17_3107,1934
2803,17_3700,17_3108,1777
2804,17_3700,17_3202,8816
2805,17_3700,17_3203,4486
2806,17_3700,17_3204,6531
2807,17_3700,17_3205,11098
2808,17_3700,17_3207,18945
2809,17_3700,17_3208,10729
2810,17_3700,17_3209,8740
2811,17_3700,17_3308,236
2812,17_3700,17_3310,115
2813,17_3700,17_3401,812
2814,17_3700,17_3407,4783
2815,17_3700,17_3408,173
2816,17_3700,17_3409,1614
2817,17_3700,17_3410,1927
2818,17_3700,17_3411,783
2819,17_3700,17_3412,1989
2820,17_3700,17_3413,2608
2821,17_3700,17_3414,3625
2822,17_3700,17_3415,602
2823,17_3700,17_3416,415
2824,17_3700,17_3417,1650
2825,17_3700,17_3418,2595
2826,17_3700,17_3419,5611
2827,17_3700,17_3420,3377
2828,17_3700,17_3421,290
2829,17_3700,17_3422,8239
2830,17_3700,17_3501,5
2831,17_3700,17_3502,1
2832,17_3700,17_3503,17
2833,17_3700,17_3504,144
2834,17_3700,17_3520,373
2835,17_3700,17_3521,256
2836,17_3700,17_3522,161
2837,17_3700,17_3523,337
2838,17_3700,17_3524,154
2839,17_3700,17_3525,18
2840,17_3700,17_3526,105
2841,17_3700,17_3527,196
2842,17_3700,17_3528,35
2843,17_3700,17_3529,4
2844,17_3700,17_3530,263
2845,17_3700,17_3531,204
2846,17_3700,17_3532,458
2847,17_3700,17_3601,18
2848,17_3700,17_3602,211
2849,17_3700,17_3700,3781
